Regular sample data,,,,,,,,,,,,,,,,,,,,,,,,,,,,,,
Sample Code,Sample Item Name/Code,Processing type,Construction,Color,Customer,Customer Required Width,Customer Requirement Length(%),Customer Requirement Width(%),Weight B/W,Sample Issue Date,Finishing Date,Loom No,Warpping No,Yard,"After Dryer
 Width(Inch)",Weaving PPI,Dryer Skey(CM),"After Shrinkage 
Skey(CM)","After Shrinkage
 PPI",PPI(+),"After Wash 
Skew(CM)","After Srinkage 
Width(Inch)","Box % 
(Right Hand)","Box % 
(Left Hand)","After Wash 
Width %","After Wash
 Length %","After Wash
 Width(Inch)","After Wash
 PPI",Sample Processing Details,Remarks
,PR055-01R6 ,Reguler Finish(Twill up),,,,,,,,,27/04/2025,222,2502175,103Y,"C:58""
F:58.5""",50,7.5cm,6.5cm,58,8,8.5cm,"C:58.2''
F:59""",2.09%,-1.80%,0.85%,1.00%,58.7'',57,Singeing + Dryer(5box60°C)+Sanforized,
21123-2,RN115-33R5,Regular Finish,,,,,,,,,09/03/2025,505,2503197,120Y,"C:64.5''
F:65''",59,14.5cm,12.5cm,46,-13,13.0cm,"C:64.8''
F:65.8''",1.23%,1.13%,1.25%,0.00%,64.0'',46,singeing + Dryer(5Box 60°C) + Sanforized,
PR-055-01R6,,Regular Finish(Twill Up),"5400X50
20rn(Nishat) X 20rn(Nishat), 2/1RHT",Dark Indigo#6,Welstand,,,,,,21/05/2025,222,2505477,122Y,"C:57.7''
F:58.6''",50,8.0cm,7.5cm,57,7,8.0cm,"C:58.5''
F:59.2''",0.56%,-1.82%,0.00%,0.00%,58.5'',57,Singeing + Dryer(5box60°C)+Sanforized,
PR-100-03L9S,,Regular Finishing,"5002X40
10OE(Badsha)X10OE(Badsha), 3/1 LHT",Black,Warptex,,,,,,21/04/2025,120,2404320,150Y,"C:64''
F:65''",40,16.5cm,12.5cm,47,7,14.0cm,"C:65''
F:65.5''",-2.27%,-1.42%,3.07%,0.00%,63.0'',47,Singeing + Dryer(5box60°C)+Sanforized,
PR-105-06R12A,,Bulk Fabrics(test),,,,,,,,,15/07/2025,,,121Y,"C:64.7''
F:65.5''",38,14.0cm,10.5cm,44,6,,"C:65''
F:65.8''",,,,,,,,
PR-105-06R5,,Bulk Fabrics(test),,,,,,,,,15/07/2025,,,124Y,"C:65.5''
F:66.7''",,14.0cm,11.0cm,46,,,"C:66.4''
F:67''",,,,,,,,
PR-110-08L11,,,,,,,,,,,04/07/2025,110,2506548,123Y,"C:60.7''
F:61.7''",40,7.0cm,9.5cm,45,5,13.0cm,"C:61.1''
F:61.8''",-5.80%,2.80%,-1.80%,-3.00%,60.0'',45,"Singeing + Dryer(old) + Sanforized,
Semi Beleach Desized + wash(NAoH)",
PR-120-02R1,,Regular Finish(1box old Dryer),"4200x43
7oe(Badsha)x10oe(Badsha), 3/1RHT",Natural #01,Mardy Jeans,,,,,,01/02/2025,108,2501084,205Y,"C:61.7''
F:62.5''",43,18.0cm,15.5cm,50,7,16.0cm,"C:61.7''
F:62.5''",-1.50%,0.70%,0.70%,-1.50%,60.0'',51,Singeing + Dryer(1box old Dryer)+sanforized,
PR-125-01L5,,Rregular Finish,"4200x38
7oe(Basha) X 7oe(Badsha), 3/1LHT",Indigo#5,H&F / Carry-poland,,,,,,13/02/2025,305,2502125,125Y,"C:64.5''
F:65.4''",38,15.5cm,14.0cm,44,6,15.5cm,"C:65.5''
F:66.1''",-1.00%,-0.70%,-2.20%,-1.60%,64.0'',44,Singeing+Dryer(5Box60°C)+Sanforized,
PR-137-02R9S,,Regular,"4200X43
7oe(Badsha)x7oe(Badsha), 3/1RHT",Black#9S,TM Group,,,,,,04/07/2025,309,2503194,94Y,"C:59.3''
F:60''",43,16.0cm,12.0cm,51,8,13.0cm,"C:59.5''
F:60.1''",1.40%,0.00%,-0.20%,1.00%,58.0'',50,singeing + Dryer(5Box 60°C) + Sanforized,
PRPS-095-06R11,,Regular Finish,,,,,,,,,15/03/2025,202,2503221,125Y,"C:54''
F:55''",44,8.0cm,8.5cm,52,8,9.0cm,"C:52.5''
F:53.5''",0.60%,0.40%,-17.10%,-2.40%,43.5'',54,"Singeing +Dryer+Sanfo(Old) , Tace Up",
PRPS-110-02R5(test),,Regular Finish,,,,,,,,,21/01/2025,216,2501033,20Y,"C:60.5''
F:61.5''",48,,8.5cm,56,8,13.0cm,"C:57.6''
F:58.6''",7.20%,1.70%,-10.41%,0.00%,51.6'',56,,
PRS-120-05R5,,Rest Quantity(regular),"4495x39
7oeX10-40D(Laycra, BCI, Sunray), 3/1RHT",Indigo#5,Natural Indigo,,,,,,27/02/2025,305,2502125,50Y,"C:63''
F:64''",39,16.0cm,14.5cm,46,7,13.5cm,"C:62.5''
F:63.5''",0.00%,-0.77%,-17.40%,-1.00%,51.6'',47,singeing + Dryer(5Box 60°C) + Sanforized,
PRS-120-05R5,,Rregular Finish,,,,,,,,,12/02/2025,305,2502125,50Y,"C:63''
F:64''",39,17.0cm,13.0cm,46,7,12.0cm,"C:62.8''
F:63.5''",-1.70%,2.80%,-18.70%,-1.60%,51.0'',47,Singeing+Dryer(5Box 60°C)+Sanforized,
RE-125-01R6,,Regular,"4400X40
7(Badsha)+10(Badsha)1:2 X 7oe(Badsha), 3/1RHT",Dark Indigo#6,MKT,,,,,,24/04/2025,311,2504331,176Y,"C:60.5''
F:61.4''",40,15.0cm,12.5cm,47,7,11.0cm,"C:61''
F:62''",0.71%,-1.72%,-1.90%,-1.00%,59.8'',48,Singeing + Dryer(5box60°C)+Sanforized,
REPS-090-12R5,,Regular Finish,,,,,,,,,19/12/2024,106,24121137,100Y,"C:56.4''
F:57.2''",53,13.0cm,11.5cm,61,8,12.0cm,"C:53.5''
F:54.1''",-1.07%,2.45%,-14.39%,-1.40%,45.8'',62,Singeing + Dryer(5box 60°C ) + Sanforized,
RN-110-25R5,,Regular finish,,,,,,,,,17/12/2024,414,24121131,122Y,"C:61.5''
F:62.2''",42,16.0cm,13.5cm,49,7,14.0cm,"C:61.8''
F:62.5''",-1.14%,1.00%,-2.10%,-1.30%,60.5'',50,Singeing + Dryer(5box 60°C) + Sanforized( Old),
RNPS-080-13R9T,,Regular Finish,"5508X52
16ring(Nishat)x20-40D T/Black(Xuzhou), 3/1RHT",Black #9T,C&A,,,,,,23/01/2025,218,2501038,35Y,"C:58''
F:58.8''",52,14.5cm,9.0cm,60,8,9.0cm,"C:54.2''
F:55.2''",0.40%,2.50%,-18.90%,-1.30%,44.1'',61,Singeing + Dryer(5box 60°C) + Sanforized,
SR-095-01R6,,Regular Finish,"4488x42
10siro(Nishat)X10OE(Badsha), 3/1RHT",Dark Indigo*6,WestLand Apparel,,,,,,25/02/2025,218,2502093,288Y,"C:60.5''
F:61.5''",42,16.0cm,12.5cm,49,7,14.0cm,"C:60.8''
F:61.8''",0.00%,0.56%,-0.49%,-1.00%,60.5'',50,Singeing + Dryer(5box 60°C) + Sanforized,
X110204-1,ST065-01C5,"Regular Finish(Twill Up)
1/1 plain",,,,,,,,,15/12/2024,109,24121123,195Y,"C:61''
F:61.4''",42,4.0cm,4.0cm,48,6,1.0cm,"C:61.7''
F:62''",1.40%,2.10%,0.40%,-2.40%,62.0'',48,Singeing + Dryer(5box) + Sanforized,
X120227,PR130-02R5,Regular Finish,"4400X39
7oe(Badsha)X7oe(Badsha), 3/1RHT",Indigo#5,Warptex,,,,,,11/04/2025,612,2504289,310Y,"C:64.9''
F:65.6''",39,16.0cm,12.0cm,46,7,13.0cm,"C:61.8''
F:62.4''",-2.40%,0.00%,-2.40%,0.00%,60.3'',46,Singeing + Dryer(5box50°C)+Sanforized,
"X120795
PR137-02R5",PR137-02R5,Regular,"4176x43
7oex7oe(Badsha), 3/1RHT",Indigo #5,TM Group,,,,,,08/07/2025,309,2507566,106Y,"C:59''
F:60''",43,15.5cm,12.0cm,50,7,14.5cm,"C:59''
F:59.8''",0.28%,2.50%,-2.20%,0.00%,57.7'',50,singeing + Dryer(5Box 60°C) + Sanforized(old),
X150574,RNS100-09R11,RFD,,RFD#11,Bexhim Global,,,,,,21/03/2025,219,2503249,120Y,"C:53''
F:53.8''",50,9.0cm,9.0cm,58,8,9.0cm,"C:51.1''
F:52.2''",1.25%,-2.19%,-17.80%,-2.00%,42.0'',60,Singeing +Dryer + Sanforized(old),
X1511243,PR120-02R5,Regular,"4176x43
7oeX10oe(Badsha, BCI), 3/1RHT",Indigo#5,STW,61'',, # +\- (3--4)%,12.00 oz,,04/08/2025,402,2507649,106Y,"C:60.7''
F:61.5''",43,17.0cm,12.0cm,50,7,15.5cm,"C:61''
F:62''",1.40%,2.80%,-1.60%,2.00%,60.0'',49,Singeing?Dryer(5box 60°C)?Sanforized ,
X1610215-1,,Desized Finish,"4464x45
8.5rsl(YT-12)nishat X 10-70D(75D T400), 3/1RHT",Black Blue#9C,C&A,,,,,,25/01/2025,508,2501062,100Y,"C:58.4''
F:59.5''",45,13.0cm,11.5cm,52,7,11.0cm,"C:55.5''
F:56.2''",-1.09%,-0.30%,-15.60%,-3.00%,46.8'',53,Singeing + Desized + Dryer+ Sanforized(Old),
X1610220,,Desized Finish,"4752x45
10rsl(YT-199)Nishat X 10-70D(75D T400), 3/1RHT",Black Blue#9C,C&A,,,,,,25/01/2025,405,2501065,97Y,"C:56.6''
F:57.6''",45,12.0cm,9.5cm,51,6,8.5cm,"C:54.5''
F:56.2''",-3.07%,3.30%,-17.10%,-3.80%,45.2'',53,Singeing + Desized + Dryer+ Sanforized(Old),
X1611238,,RFD-Regular finish,"4386X43
7oe(Badsha)X7oe(Badsha), 3/1RHT",RFD#11,Natural Denim-Zara Man,,,,,,29/05/2020,109,2504330,120Y,"C:62.5''
F:63.5''",43,12.0cm,13.0cm,49,6,13.0cm,"C:62.8''
F:63.8''",0.72%,-0.28%,-2.07%,-1.80%,61.5'',49,Singeing + Dryer+Sanforized,
X1700628,RNS100-17R8C,Regular Finish,,,,,,,,,01/06/2025,321,2505473,50Y,"C:56''
F:57''",55,11.0cm,8.0cm,64,9,9.5cm,"C:54.5''
F:55.3''",1.90%,-1.00%,21.10%,-1.00%,43.0'',65,Singeing + Dryer(5box60°C)+Sanforized,
X1703120,RNPS090-17R8D,Regular,"5330X55
10rsl(YT-233)Nishat+12(Badsha)3:7 X 200-70D raw spandex(Recycle) Hanzhou, 3/1 RHT",Blue Black#8D,Warptex,,,,,,18/04/2025,222,2504308,130Y,"C:59.5''
F:60.2''",55,13.5cm,10.5cm,64,9,12.0cm,"C:56''
F:57''",1.85%,1.99%,13.90%,-1.00%,48.2'',65,Singeing + Dryer(5box60°C)+Sanforized,
X1710342,,Regular Finish,"4600x45
10oe(Badsha)+10oe(Badsha), Herringbone",Dark Indigo#6,Sainsbury,,,,,,27/05/2025,122,2505451,155Y,"C:59.8''
F:60.5''",45,0.0cm,1.0cm,52,7,0.0cm,"C:59.8''
F:60.5''",-0.57%,-1.14%,3.60%,0.00%,57.6'',52,Singeing + Dryer(5box60°C)+Sanforized,
X1711400,ST095-03R5,Regular Finish,"4356x38
9oe(Blue:8,White:4) X 10ring (Badsha), 2/1 RHT",Blue White#5,PRIMARK TEST,,,,,,20/06/2025,506,2505438,30Y,"C:59.7''
F:60.2''",38,5.0cm,4.5cm,43,5,8.5cm,"C:60''
F:60.5''",2.70%,3.00%,2.00%,1.30%,58.8'',44,Singeing+Dryer(5Box60°C)+Sanforized,
X1711400,ST095-03R5,Reguler Finish,"4356X38
9oe(Blue:8, White:4)Badsha X 10OE(Badsha), 2/1RHT Stripe",Blue White#5,Windy Group,,,,,,28/05/2020,209,2504345,209Y,"C:59.8''
F:60.7''",38,7.5cm,6.0cm,45,7,8.5cm,"C:60.2''
F:61''",1.42%,2.90%,-1.16%,0.00%,59.5'',45,Singeing + Dryer(5box60°C)+Sanforized,2
"X1712415
PR120-02R11",PR120-02R11,"Regular , RFD","4200x43
7oe(Badsha)x10oe(Badsha), 3/1RHT",RFD#11,Team Sourcing,,,,,,04/07/2025,609,2506548,123Y,"C:59.8''
F:60.7''",43,13.5cm,13.5cm,48,5,14.0cm,"C:62''
F:62.8''",1.40%,2.00%,-1.60%,-2.50%,61.0'',49,Singeing + Dryer(old) + Sanforized,
X180259-1,,Regular,"4464x45
7rsl(nishat)+7oe(Badsha) x 10-70D N.S(BCI, Nishat), 3/1RHT",Indigo #5,Natural ,,,,,,07/07/2025,309,2507574,140Y,"C:62.4''
F:63.2''",45,16.0cm,12.5cm,55,10,11.5cm,"C:61''
F:61.7''",0.00%,1.00%,-16.70%,-0.50%,50.8'',53,Singeing + Dryer(5Box 60°C) + Sanforized,
X1803106,PR125-06R5,Reguler Finish,"4200x37
7OE(Badsha) x 7OE(Badsha) , 3/1RHT",Indigo#5,Warptex,,,,,,05/05/2025,606,2504365,150Y,"C:62''
F:63""",37,15.5cm,12.5cm,44,7,13.0cm,"C:62''
F:63''",1.28%,1.43%,2.58%,-1.00%,60.4'',45,Singeing + Dryer(5box60°C)+Sanforized,
X1803106,PR125-06R5,Regular Finish,"4200x37
7OE x 7OE(Badsha) , 3/1RHT",Indigo#5,Warptex,,,,,,11/04/2025,612,2503189,80Y,"C:62.5''
F:63''",37,13.0cm,12.0cm,44,7,13.0cm,"C:62.8''
F:63.5''",0.70%,1.20%,-2.20%,-1.00%,61.4'',45,Singeing + Dryer(5box50°C)+Sanforized,
X19032-2,,RFD(Twill Up),"4950x50
16oe(Milan)x16OE(Milan), 2/1 RHT",RFD#11,Warptex,,,,,,07/07/2025,222,2507560,102Y,"C:58''
F:59''",50,7.0cm,5.0cm,55,5,6.0cm,"C:59''
F:59.8''",0.40%,0.40%,0.80%,-2.00%,59.5'',57,Singeing + Dryer(old) + Sanforized,
X19224,,Regular Finish,,,,,,,,,27/05/2025,321,,45Y,"C:58''
F:58.5''",50,12.5cm,10.0cm,57,7,10.0cm,"C:58''
F:58.5''",0.14%,1.82%,1.80%,-1.00%,59.1'',58,Singeing + Dryer(5box60°C)+Sanforized,
X19224,RN055-07R5(New),Regular Finish,,,,,,,,,26/05/2025,321,2505448,77Y,"C:57.2''
F:58''",50,12.0cm,,58,8,10.5cm,"C:57''
F:58.5''",1.66%,0.00%,-2.24%,0.00%,59.1'',58,Singeing + Dryer(5box60°C)+Sanforized,
X19224,RN055-07R5(New),Rregular Finish(Face Down),"5360x50
20RN(Nishat)X20rn(Compact, Nishat), 3/1RHT",Indigo#5,Mardy Jeans,,,,,,03/02/2025,217,2404394,300Y,"C:58.2''
F:58.8''",50,12.0cm,9.0cm,57,7,9.0cm,"C:59.2''
F:59.5''",-0.20%,0.00%,0.50%,-0.50%,60.0'',57,Singeing + Dryer(5box 60°C) + Sanforized,
X20001-1,,Regular Finish,"4060x39
10siro(Nishat)X7OE(Badsha), 3/1 RHT",Indigo#5,Windy Group,,,,,,09/03/2025,505,2503206,265Y,"C:61''
F:61.8''",39,14.5cm,12.0cm,46,7,11.5cm,"C:61.2''
F:62.2''",1.40%,-0.98%,0.00%,0.00%,61.2'',46,singeing + Dryer(5Box 60°C) + Sanforized,
X20032-3(PRS100-05R5),,Regular Finish,"4176x50
8OE x 16-40D(NS)
 Badsha , BCI                 Nishat",Indigo #5,Madry Jeans,,,,,,27/07/2025,509,2507640,308Y,"C:59.2''
F:60.2''",50,15.0cm,12.0cm,58,8,11.0cm,"C:58''
F:59''",1.09%,-1.24%,-18.00%,-1.30%,47.5'',58,Singeing + Dryer(5box 60°C ) + Sanforized,
X20053-3,,1Box(Cool Washing),"3564x35
6oe(Badsha)x6oe(Badsha), 3/1RHT",Natural#1,Madry Jeans,,,,,,30/06/2025,617,2506565,80Y,"C: 63.8""
F: 64.5""",45,17.5cm,14.5cm,41,-4,14.5cm,"C: 64.5""
F: 65.4""",-1.70%,0.70%,2.90%,1.00%,62.6'',42,1Box Cool Water(Regular Finish),
X20088-1,RN110-25R5(New),Regular Finish,"4488X42
8ring(Nishat)X9oe(Badsha)+",,,,,,,,09/01/2025,218,24121131,205Y,"C:61.1''
F:62.1''",42,15.0cm,12.0cm,49,7,13.5cm,"C:61.4''
F:62.2''",-0.40%,2.40%,0.90%,0.00%,60.8'',49,Singeing + Dryer(5box 60°C) + Sanforized,
X20184-2,,RFD,"4120x39
8RN(Nishat, BCI)X6OE(Badsha), 3/1RHT",RFD#11,MKT,,,,,,01/06/2025,509,2505469,102Y,"C:63.5''
F:64.5''",39,15.0cm,15.0cm,43,4,11.5cm,"C:64.1''
F:65.1''",-1.59%,-4.80%,0.46%,-4.80%,63.8'',45,"Singeing ?Jigger? Dryer(Old , 1box cold water)?Sanforized(Old)",
X20190,,Desized Finish,"4800x55
10rls(TY--260)Badsha+10oe(Badsha)3:7 X 16-40D N.S(Nishat), 3/1RHT",Black#9S,MKT,,,,,,30/12/2024,108,24121152,102Y,"C:54.4''
F:55.2''",55,11.0cm,12.5cm,62,7,11.5cm,"C:55.5''
F:56.2'",0.70%,-1.80%,-15.40%,2.00%,46.9'',64,Singeing + Desized + Dryer + Sanforized,
X20190,,Desized Finish(Rest Qunt.),"4800x55
10rls(TY--260)Badsha+10oe(Badsha)3:7 X 16-40D N.S(Nishat), 3/1RHT",Black#9S,MKT,,,,,,07/01/2025,108,24121152,94Y,"C:56.5''
F:57.4''",55,10.0cm,10.0cm,63,8,11.0cm,"C:55.3''
F:56.3''",1.90%,0.60%,-15.50%,-1.00%,46.7'',64,Singeing + Desized + Dryer + Sanforized(Old),
X20210,PR105-07L5,Regular,"4464x36
9oe X 7oe(Badsha),3/1 LHT",Indigo#5,Warptex,,,,,,29/12/2024,305,24121150,105Y,"C:63''
F:63.8''",36,15.0cm,16.0cm,42,6,15.0cm,"C:63''
F:63.5''",-1.15%,0.00%,1.59%,1.70%,62.0'',43,Singeing + Dryer(5box 60°C) + Sanforized,
X20257,RN095-10R11,RFD,"4176X40
8RN(Badsha)X10OE(Badsha), 3/1RHT",RFD#11,MKT,,,,,,27/06/2025,320,24111065,100Y,"C:59.''
F:58''",40,11.0cm,12.5cm,45,5,12.5cm,"C:60.5''
F:61.2''",-0.57%,0.57%,0.00%,-4.00%,60.5'',47,Singeing + Dryer(5box60°C)+Sanforized(Old),
X21003-2,RE115-11R5,Regular Finish,"4896x50
9OE(Badsha)+10OE(Badsha)1:1 X 9OE(Badsha), 3/1RHT",Indigo#5,MKT,,,,,,21/04/2025,188,2504320,190Y,"C:62''
F:63.8''",50,16.5cm,10.5cm,58,8,12.5cm,"C:62''
F:62.75''",1.42%,1.42%,-2.09%,0.00%,60.7'',58,Singeing + Dryer(5box60°C)+Sanforized,
X21045,PRS100-06R5,Regular Finish,"4176X44
7oe X 16-40D N.S(Nishat), 3/1RHT",Indigo#5,Natural Indigo,,,,,,14/03/2025,613,2502125,112Y,"C:60''
F:61''",44,15.5cm,13.0cm,52,8,13.5cm,"C:59.5''
F:60.5''",-0.40%,0.10%,-18.90%,0.00%,48.2'',52,Singeing + Dryer(5box60°C)+Sanforized,
"X21045
PRS110-06R5",PRS110-06R5,Regular,"4176x44
7OE (Badsha)x 16-40D(Nishat), 3/1 RHT",Indigo #5,Warptex,,,,,,18/07/2025,305,2507594,145Y,"C:61''
F:62''",44,13.0cm,,53,9,13.0cm,"C:59.5''
F:60.5''",0.15%,1.69%,-19.10%,2.10%,48.1'',52,singeing + Dryer(5Box 60°C) + Sanforized,
X21045,PRS110-06R5,Regular Finish,"4176X44
7OEX16-40D(Nishat), 3/1RHT",Indigo#5,,,,,,,15/01/2025,217,2501033,256Y,"C:60''
F:61''",44,17.0cm,14.5cm,52,8,14.0cm,"C:59.2''
F:60.3''",-2.29%,0.00%,-17.90%,0.00%,48.6'',52,Singeing + Dryer(5box 60°C) + Sanforized,
X21059,,"Regular Finish(1box85°C)
Mr.Lee",,,,,,,,,22/05/2025,609,2505433,60Y,"C:64.4''
F:65''",39,16.0cm,12.0cm,44,5,11.5cm,"C:64.5''
F:65.4''",0.72%,-1.00%,-2.17%,-2.80%,63.1'',45,Singeing + Dryer(1box85°C)+Sanforized,
X21083(RN085-06R6),RN08506R6,Regular Finish,"4692x44
12RN(nishat)x12OE(badsha) , 3/1RHT",Dark Indigo#6,Shahi/C&A,,,,,,29/06/2025,318,2506544,150Y,"C:59""
F:60""",44,15cm,12cm,51,7,12.5cm,"C: 59.8""
F: 60.5""",-1.13%,1.84%,0.30%,1.00%,60.0'',52,5Box 60°c (Regular finish),
X21083-1,RN085-06R6,Regular Finish,"4692x44
12RN(Badsha) x 12OE(badsha) , 3/1RHT",Dark Indigo#6,Warptex,,,,,,11/04/2025,219,2503189,180Y,"C:59.6''
F:60.2''",44,14.0cm,11.0cm,53,9,13.5cm,"C:60''
F:60.8''",0.70%,3.70%,-0.30%,1.80%,59.8'',52,Singeing + Dryer(5box50°C)+Sanforized,
X21083-1,RN085-06R6,Regular Finish,"4692x44
12RN(nishat)x12OE(badsha) , 3/1RHT",Dark Indigo#6,Shahi Textile,,,,,,08/03/2025,121,2503189,150Y,"C:59.8''
F:60.2''",44,16.5cm,12.5cm,51,7,14.0cm,"C:60''
F:60.8''",0.00%,1.42%,0.00%,-1.80%,60.0'',52,singeing + Dryer(5Box 60°C) + Sanforized,
X21083-1,RN085-06R6,Regular,,,,,,,,,03/08/2025,102,2506544,224Y,"C:59.4''
F:60''",44,15.5cm,13.0cm,52,8,,"C:60.4''
F:61''",1.00%,-2.50%,1.00%,0.00%,59.6'',51,Singeing?Dryer(5box 60°C)?Sanforized ,
X21123-1,,Regular,"4205X39
8RN(Badsha) X 8OE(Badsha), 3/1RHT",Indigo#5,Natural Denim,,,,,,23/04/2025,414,2503197,90Y,"C:64''
F:65''",39,15.0cm,Not Found,45,6,14.0cm,"C:64.4''
F:65''",0.36%,0.00%,0.62%,-1.00%,64.0'',46,Singeing + Dryer(5box60°C)+Sanforized,
X21123-2,RN115-33R5,,"4205X39
8ring(Nishat) X 7OE(Badsha), 3/1RHT",Indigo#5,Windy Group,,,,,,10/03/2025,505,2503197,80Y,"C:69.6''
F:70.5''
(B.dryer Width)",39,11.5cm,,,-39,12.5cm,,1.56%,3.12%,-1.84%,-18.00%,63.8'',47,"1Box Cool Water(Regular Finish) 
No Sanforize",
X21152-2,RN070-03R6,Regular Finish,"5440x55
16RN(Nishat)16OE(XDD), 3/1 RHT",Indigo#5,Norp Knit Industries LTD.,,,,,,09/03/2025,217,2501058,100Y,"C:58.8''
F:59.5''",55,15.0cm,12.0cm,63,8,13.0cm,"C:59.7''
F:60.5''",1.40%,-0.85%,-0.50%,0.00%,60.0'',63,singeing + Dryer(5Box 60°C) + Sanforized,
X21163,RNPS100-27R5,Rregular Finish,"4588x60
12rsl(YT-233)Nishat X 20-70D(Ploy/Raw, T/Raw)Xuzhou, 3/1RHT",Indigo#5,Nitex Group,,,,,,03/02/2025,121,2404382,Rst. Qunt,"C:52.5''
F:54''",60,13.0cm,9.0cm,69,9,7.0cm,"C:49.2''
F:50.7''",-1.24%,-2.60%,-15.65%,-1.60%,41.5'',70,Singeing + Dryer(5box 60°C) + Sanforized,
X21163,RNPS100-27R5,Regular Finish,"4588x60
12rsl(YT-233)Nishat X 20-70D(Ploy/Raw, T/Raw)Xuzhou, 3/1RHT",Indigo#5,Nitex Group,,,,,,31/01/2025,121,2404382,40Y,"C:52.8''
F:54.2''",60,17.5cm,10.0cm,69,9,7.0cm,"C:49.6''
F:51''",-2.70%,-2.60%,-16.10%,-1.00%,41.6'',70,Singeing + Dryer(5box 60°C) + Sanforized,
X21186-1,PR120-05R5,Regular Finish,"4176X39
8OE(Badsha) X 6OE(Badsha), 3/1RHT",Indigo#5,Warptex,,,,,,11/04/2025,413,2409808,200Y,"C:61.5''
F:62.2''",39,15.0cm,13.0cm,46,7,12.5cm,"C:64.9''
F:65.7''",-0.70%,-2.14%,-1.70%,0.00%,63.6'',46,Singeing + Dryer(5box50°C)+Sanforized,
X21211,RN095-11R6,Regular,"4216x40
9ringX10OE(BCI, Badsha), 3/1RHT",Dark Indigo#6,Zamira,60'' -- 61'',,# +/- (3--4)%,9.50 oz,,04/08/2025,606,2505415,136Y,"C:60''
F:61''",40,16.0cm,11.0cm,47,7,15.5cm,"C:60.8''
F:61.4''",4.80%,0.14%,1.30%,0.00%,60.0'',47,Singeing?Dryer(5box 60°C)?Sanforized ,
X21212,SR095-01R6,Regular,"4488x42
10Siro(Nishat)x10OE(Badsha), 3/1RHT",Dark Indigo#6,H&F,,,,,,03/08/2025,207,2507601,54Y,"C:60''
F:60.7''",42,16.0cm,11.0cm,49,7,13.5cm,"C:60.5''
F:61.2''",3.20%,-0.70%,-0.80%,0.70%,60.0'',49,Singeing?Dryer(5box 60°C)?Sanforized ,
X21220(PR065-01R5)new,,"Regular Finish, Face down","4800x45
16oe x 16oe
2/1 RHT",Indigo #5,Madry Jeans/Moraj,,,,,,28/07/2025,605,2507582,150Y,"C:57.8''
F:58''",45,9.5cm,8.0cm,52,7,7.5cm,"C:58''
F:58.8''",-2.50%,-1.39%,-1.70%,0.00%,59.0'',52,Singeing + Dryer(5box 60°C ) + Sanforized,
X22008-2,PR120-05R1,Regular Finish,"4200x39
8oe(Badsha)x6oe(Badsha) 3/1RHT",Natural ,MKT,,,,,,13/05/2025,303,2505378,220Y,"C:66''
F:67''",39,16.5cm,12.5cm,46,7,11.5cm,"C:66.1''
F:67''",-0.58%,0.44%,3.40%,-2.90%,63.8'',46,Singeing + Dryer+Sanforized(Old),
X22080-2,,Regular Finish,"4216x45
9OE(Badsha)+10OE(Badsha)1:1 X 9OE(Badsha)+9ring(Badsha)1:1, 3/1RHT",Indigo#,C&A,,,,,,07/01/2025,104,2501012,103Y,"C:60''
F:61''",45,13.0cm,11.0cm,54,9,12.5cm,"C:60''
F:61.2''",0.20%,1.40%,-1.66%,0.00%,59.0'',54,Singeing + Dryer(5box 60°C) + Sanforized,
X22081-2,,Regular Finish,"4216x40
7oe(Badsha)+9oe(Badsha) 3:7 X 8OE(Badsha), 3/1RT",Indigo#5,Clover Collectioin,,,,,,28/01/2025,608,2501078,100Y,"C:60.8''
F:61.8''",40,15.5cm,11.5cm,48,8,12.0cm,"C:61.3''
F:62.2''",X,X,-2.10%,-1.00%,60.0'',49,Singeing + Dryer(5box 60°C) + Sanforized,
X22150,RN100-20R6,Regular Finish,"4216X38
9ring(Nishat,BCI)X9ring(Nishat), 3/1RHT",Dark Indigo#6,Windy Group,,,,,,19/05/2025,406,2505415,105Y,"C:59.8''
F:60.7''",38,15.0cm,11.0cm,45,7,12.0cm,"C:60.1''
F:61.2''",5.25%,-2.26%,0.00%,1.00%,60.1'',46,Singeing + Dryer(5box60°C)+Sanforized,
X22192-1,RN115-32R5,Regular Finish,"4200X43
7ring(Badsha)X10OE(Badsha), 3/1RHT",Indigo*5,Windy Group,,,,,,25/02/2025,308,2502142,145Y,"C:61''
F:62''",42,16.0cm,14.5cm,50,8,15.0cm,"C:61''
F:62''",0.00%,1.42%,-0.81%,-1.40%,60.5'',51,Singeing + Dryer(5box 60°C) + Sanforized,
X22203-2,,Regular Finish,"3906x42
7ring(Badsha)X10oe(Badsha), 3/1 RHT",Indigo #5,Misami Germents/Zara,,,,,,20/06/2025,110,2505434,100Y,"C:62.8''
F:63.5''",42,16.0cm,13.0cm,49,7,16.0cm,"C:63.6''
F:64.2''",3.20%,2.00%,1.50%,1.00%,62.6'',50,Singeing+Dryer(5Box60°C)+Sanforized,
X22235-2,,Regular Finish,"4464x42
7ring(nishat)x7OE(Badsha), 3/1RHT
",Grey#3,Al-Islam Textile,,,,,,31/01/2025,506,2501039,45Y,"C:65.8''
F:66.8''",42,16.5cm,12.5cm,50,8,14.0cm,"C:65.5''
F:66.5''",0.20%,1.40%,-1.60%,0.00%,64.4'',50,Singeing + Dryer(5box 60°C) + Sanforized,
X22237,,Regular-RFD,"4488x42
10siro(BTL)x10OE(Badsha), 3/1RHT",RFD#11,Laila Style,60''--61'',,# +/- (3--4)%,8.80 oz,,09/08/2025,207,2508689,125Y,"C:60.2''
F:61.2''",42,10.0cm,15.0cm,47,5,12.0cm,"C:61.2''
F:62.2''",-0.80%,-2.30%,0.40%,-3.80%,61.5'',48,"Singeing?Dryer(old, 1box)?Sanforized",
X22258-1,,Regular,,,,,,,,,22/04/2025,414,2502170,160Y,"C:60.5''
F:61.5''",40,15.5cm,,,-40,,"C:
F:",,,,,,,Singeing + Dryer(5box60°C)+Sanforized,
X22258-1,,Regular,"3944x40
7ring(Badsha)X7oe(Badsha), 3/1RHT",Indigo#,Natural Denim,,,,,,22/04/2025,414,2502170,160Y,"C:61''
F:62.2''",40,18.0cm,11.0cm,48,8,13.5cm,"C:61.2''
F:62.2''",-0.99%,1.83%,-0.27%,1.00%,60.5'',47,Singeing + Dryer(5box60°C)+Sanforized,
X22258-1,,Rregular Finish,"3944X40
7ring(Nishat)X7oe(Badsha), 3/1RHT",Indigo#,Bitopi Group,,,,,,12/02/2025,407,24111050,114Y,"C:60.7''
F:61.7''",40,17.0cm,12.5cm,47,7,12.5cm,"C:61''
F:62''",-0.30%,-1.10%,-0.30%,0.00%,60.8'',47,Singeing+Dryer(5Box60°C)+Sanforized,
"X22258-1
X25134",,Padding,,,,,,,,,24/06/2025,606,2506520,120Y,"C:64.8''
F:65.8''",40,15.5cm,14.0cm,44,4,13.0cm,"C:64.8''
F:65.5''",0.28%,0.00%,1.20%,2.50%,64.0'',46,Black padding (140GPL) + Sanforized,
X22267-2,,Regular Finish,"4216x40
9ring(Nishat)X10oe(Badsha)+10ring(Nishat), 2:1, 3/1RHT",Grey#03,SF Denim / C&A,,,,,,01/06/2025,516,2505475,130Y,"C:60''
F:60.8''",40,16.0cm,12.0cm,47,7,14.0cm,"C:60.5''
F:61''",0.28%,0.00%,0.00%,0.00%,60.5'',47,Singeing + Dryer(5box60°C)+Sanforized,
X22283-1,,Regular,"4800X45
16ring(Indigo:16, White:16)(Badsha) X 16OE(XDD), 2/1RHT stripe",Indigo#5,Windy Group,,,,,,27/02/2025,111,2502157,100Y,"C:57''
F:57.5''",45,10.0cm,8.5cm,52,7,8.0cm,"C:57.6''
F:58.3''",-0.13%,-1.04%,-1.04%,0.00%,58.2'',52,singeing + Dryer(5Box 60°C) + Sanforized,
X22283-2,,Regular ,"4800X45
16ring(Indigo:16, White:16)(Badsha) X 16ring(Badsha), 2/1RHT stripe",Indiog#5,Windy Group,,,,,,27/02/2025,111,2502157,100Y,"C:56.2''
F:57.2''",45,10.0cm,8.5cm,52,7,9.0cm,"C:57''
F:57.8''",-0.42%,-2.16%,-1.70%,-1.20%,58.0'',53,singeing + Dryer(5Box 60°C) + Sanforized,
X22287-2,,Regular Finish,"4752x48
10rsl(nishat)x16-40D(NS)+16-70D(Nishat) 2:1,  3/1RHT",Indigo #5,Dreuss Worldwide,,,,,,29/07/2025,205,2507655,60Y,"C:58''
F:59''",48,16.0cm,11.0cm,56,8,11.0cm,"C:57.2''
F:58.2''",-1.50%,1.20%,-23.00%,-1.40%,44.0'',57,Singeing?Dryer(5box 60°C)?Sanforized,
X22301-1,,Reguler Finish,"4464X36
8ring X 10oe(Badsha)3/1RHT",Indigo#5,H&F,,,,,,29/05/2020,510,2504344,100Y,"C:64.8''
F:65.8''",36,14.5cm,15.0cm,43,7,15.0cm,"C:64.8''
F:65.5''",0.71%,0.99%,1.08%,0.00%,64.1'',43,Singeing + Dryer(5box60°C)+Sanforized,
X22301-2,,Regular,"4464X36
8ring X 9oe(Badsha)3/1RHT",Indigo#5,H&F,,,,,,24/04/2025,107,2504319,150Y,"C:64.2''
F:65.2''",35,15.0cm,15.0cm,42,7,15.0cm,"C:64.8''
F:65.8''",0.14%,-0.42%,0.30%,0.00%,64.6'',42,Singeing + Dryer(5box60°C)+Sanforized,
X22330-2,RNPS105-14R8D,Regular Finish,"4968X53
10rsl(yt-233)(Nishat)+10rsl(yt-199)Nishat(1:1)  X 16-40D T/Raw(Xuzhou)+16-70D T/Raw(Chanzhou)1:1, 3/1RHT",Blue Black#8D,Natural Indigo,,,,,,17/03/2025,218,2503235,198Y,"C:61.2''
F:62.2''",53,15.5cm,10.5cm,63,10,9.5cm,"C:57.8''
F:58.7''",-1.05%,-2.40%,13.50%,0.00%,48.8'',63,Singeing + Dryer(5box60°C)+Sanforized,
X23062,RN120-13R9S,Regular Finish,"4120x39
8ring(Nishat)+6oe(Badsha), 3/1RHT",Black #9S,Cutting EDGE,,,,,,16/01/2025,607,2501020,150Y,"C:64''
F:64.5''",39,14.0cm,13.0cm,46,7,12.5cm,"C:64''
F:64.5''",-1.70%,-0.71%,-1.40%,0.00%,63.1'',46,Singeing + Dryer(5box 60°C) + Sanforized,
X23076-2,,Regular(Natural),,,,,,,,,21/03/2025,105,2503250,110Y,"C:61.2''
F:62.8''",52,15.0cm,14.5cm,59,7,15.5cm,"C:61.8''
F:62.8''",0.43%,0.28%,1.29%,-3.60%,61.0'',61,Singeing + Dryer(5box60°C)+Sanforized(Old),
X23077,,Regular Finish,"4216X35
7ring(Badsha)X10oe(Badsha), 3/1RHT",Black(#9L),Windy Group,,,,,,26/02/2025,506,2502167,174Y,"C:61.5''
F:62.2''",35,16.0cm,14.5cm,43,8,15.0cm,"C:61.6''
F:62.6''",-1.54%,2.12%,0.97%,0.00%,61.0'',43,Singeing + Dryer(5box 60°C) + Sanforized,
X23087,RN105-18R6,Regular,"4347x40
9ring(Badsha)x8OE(Badsha), 3/1RHT",Dark Indigo*6,TM Group,,,,,,08/02/2025,412,2502103,158Y,"C:64''
F:64.8''",40,18.0cm,13.5cm,47,7,12.5cm,"C:64''
F:65''",-1.40%,0.20%,-0.40%,-0.80%,63.8'',47,Singeing +  Dryer( 5 Box 60°C) + Sanforized,
X23090-1,PR105-08R5,Regular Finish,"4464x43
9oe(Badsha)X9oe(Badsha), 3/1RHT",Indigo#5,Windy Group,,,,,,13/05/2025,319,2505399,153Y,"C:64''
F:64.8''",43,15.0cm,13.0cm,51,8,13.0cm,"C:64''
F:65''",2.21%,-0.71%,-1.25%,1.00%,65.2'',50,Singeing + Dryer(5box60°C)+Sanforized,
X23135,,Regular(Face down),"4216X40
9ring(Milon)X10OE(Badsha), Herringbone",Dark Indigo#6,TM Group,,,,,,20/04/2025,222,2502109,203Y,"C:60''
F:61''",40,0.0cm,0.0cm,47,7,2.0cm,"C:60.3''
F:61.3''",0.56%,42.00%,0.99%,1.00%,59.7'',46,Singeing + Dryer(5box60°C)+Sanforized,
X23163-2,,RFD,,,,,,,,,16/04/2025,513,2503251,80Y,"C:62.2''
F:63.4''",42,12.0cm,12.0cm,46,4,15.5cm,"C:63''
F:64''",3.90%,0.86%,-1.90%,-3.00%,61.8'',47,Singeing + Dryer+Sanforized,
X23163-2,,RFD,"3564X42
7oe(Badsha)X8oe(Badsha),3/1RHT",RFD#11,Florance Group,,,,,,21/03/2025,513,2503251,80Y,"C:62.5''
F:63.4''",42,12.0cm,14.5cm,47,5,15.0cm,"C:62.4''
F:63.7''",-2.31%,2.30%,1.74%,-1.50%,61.8'',48,Singeing +Dryer + Sanforized(old),
X23174-1,,Regular Finish,"4464x40
10oe low TM x 10oe
Salek        BCI, Badsha,",Dark Indigo#6,Natural Denim,,,,,,27/07/2025,308,2507642,175Y,"C:63.8''
F:64.8''",40,17.5cm,15.0cm,47,7,15.0cm,"C:64.2''
F:64.8''",0.00%,-1.38%,-0.40%,1.80%,63.9'',46,Singeing + Dryer(5box 60°C ) + Sanforized(New M/C),
X23204,PRPS110-02R5,Regular Finish,"4176x44
7oeX16-40D(T/Raw, Xuzhou), 3/1RHT",Indigo #5,C&A,,,,,,16/06/2025,311,2505481,307Y,"C:61.5''
F:62.7''",44,16.0cm,13.0cm,51,7,13.5cm,"C:60.2''
F:61",-1.64%,0.00%,12.70%,0.00%,52.5'',51,Singeing + Dryer(5box60°C)+Sanforized,
X23246,,Regular,"4320x40
7siro low TM-3.8 x 9oe(Badsha), 3/1RHT",Indigo#5,Testing,,,,,,24/04/2025,310,2504327,85Y,"C:64.5''
F:65.2''",40,16.5cm,15.0cm,47,7,14.0cm,"C:65.1''
F:66''",1.28%,-2.13%,0.30%,0.00%,64.6'',47,Singeing + Dryer(5box60°C)+Sanforized,
X23246,,,"4320x40
7siro low TM-3.8 x 9oe(BCI, Badsha), 3/1RHT",Indigo #5,Aba Group,,,,,,04/07/2025,105,2504327,160Y,"C:64.5''
F:65.2''",40,19.0cm,13.0cm,48,8,13.0cm,"C:64.5''
F:65.5''",0.83%,-1.10%,-0.40%,2.00%,64.5'',46,singeing + Dryer(5Box 60°C) + Sanforized,
X23250,,Padding,,,,,,,,,18/06/2025,607,2506494,120Y,"C:62.8''
F:63.7''",43,14.0cm,15.0cm,48,5,14.5cm,"C:64''
F:64.8''",-0.15%,0.15%,0.00%,1.40%,64.0'',48,Singeing   + Dryer(Padding 140GPL) +  Sanforized,
X23255-2,,Regular Finish,,,,,,,,,14/01/2025,306,2501037,155Y,"C:65''
F:65.9''",35,17.0cm,15.5cm,42,7,15.0cm,"C:65''
F:65.8''",-1.69%,2.69%,0.79%,0.00%,64.5'',42,Singeing + Dryer(5box 60°C) + Sanforized,
X23270,,Regular,"5184x54
12OE(Badsha) X 20-70D T/Raw(Poly/Raw)Xuzhou + 12-40D T/Raw(poly/Raw, laycra)changzhou",Dark Indigo#6,Seaview Dresse,,,,,,04/03/2025,123,2503183,156Y,"C:59''
F:59.7''",54,15.0cm,10.5cm,62,8,10.5cm,"C:55.1
F:56''",-3.00%,3.00%,-18.60%,-0.50%,44.8'',62,Singeing + Dryer(5Box 60°C) + Sanforized,
X23271,,Regular Finish,"5184x54
12oe(Badsha)X20-40D T/Black(Xuzhou)+20-70D T/Black(Changzhou) 1:1, 3/1RHT",Black#9S,C&A,,,,,,20/01/2025,310,2501054,125Y,"C:60''
F:60.8''",54,16.5cm,12.5cm,63,9,10.5cm,"C:56.5''
F:57''",-1.62%,2.00%,-16.80%,0.00%,47.0'',63,Singeing + Dryer(5box 60°C) + Sanforized,
X23282,RN060-05R5,Regular Finish,"5275x45
20rn(nishat)x16rn(Nishat), 2/1RHT",Indigo #5,Shahi / C&A,,,,,,29/06/2025,604,2506542,150Y,"C:63.3'
F:64''",45,10.0cm,7.0cm,51,6,9.0cm,"C:63.8""
F:64.6""",-1.28%,-1.28%,0.30%,1.00%,63.8'',52,Regular Finish,
X23282,RN060-05R5,Regular Finish,"5275x45
20rn(nishat)x16rn(Nishat), 2/1RHT",Indigo #5,SQUARE Denim,,,,,,30/05/2025,508,2505448,10Y,"C:63.2''
F:64''",45,12.0cm,8.5cm,51,6,8.5cm,"C:63.2''
F:64''",-0.70%,1.82%,1.26%,0.00%,64.0'',51,"Singeing + Dryer(2box60°C)+Sanforized
Twill Up/Face Up",
X23282,RN06005R5,Regular,"5275x45
20rn(nishat)x16rn(Nishat), 2/1RHT",Indigo #5,Shahi Textile,,,,,,10/08/2025,321,2508699,307Y,"C:62.2''
F:62.7''",45,10.0cm,8.5cm,51,6,8.5cm,"C:63''
F:64''",0.40%,0.10%,1.20%,-1.40%,63.8'',51,Singeing?Dryer(2Box 60°C)?Sanforized(Twill Up),
X23297,PR100-05R6,Regular Finish,"4464X40
9oe(Badsha, BCI) X 10oe(Badsha), 3/1RHT",Dark Indigo#6,MKT,,,,,,17/03/2025,105,253234,200Y,"C:64''
F:64.7''",40,17.0cm,12.5cm,47,7,15.0cm,"C:64''
F:65''",3.80%,0.00%,1.56%,-1.00%,63.0'',48,Singeing + Dryer(5box60°C)+Sanforized,
X23301-2,,Regular Finish,"4176x43
7oe Low TM(Badsha)X10OE(Badsha), 3/1RHT",Indigo#5,MKT,,,,,,14/03/2025,613,2503230,95Y,"C:64''
F:65''",43,16.5cm,13.5cm,51,8,16.5cm,"C:64.8''
F:65.5''",-0.50%,3.70%,-2.00%,3.00%,63.2'',49,Singeing + Dryer(5box60°C)+Sanforized,
X23305,,Regular Finish(natural),"3564x40
7oe(Badsha)x8oe(Badsha), 3/1RHT",Natural #1,Natural Indigo/Mango,,,,,,17/12/2024,305,2410974,98Y,"C:62.5''
F:63''",40,17.0cm,15.5cm,47,7,15.0cm,"C:63''
F:63.7''",-1.29%,0.57%,-3.17%,-0.50%,61.0'',47,Singeing + Dryer ( 5box ) + Sanforized,
X24002-3,,Regular,"4644x40
7.5ring Low TM 3.8(Nishat)X8oe(BCI, Badsha), 3/1RHT",indigo#5,MKT,,,,,,07/08/2025,Issue date,,,,,,,,0,,,,,,,,,,
X24015,,Reguler Finish,,,,,,,,,28/05/2025,222,2504357,264Y,"C:62.2""
F:63""",44,17.0cm,11.0cm,52,8,12.5cm,"C:63''
F:63.8""",1.42%,0.42%,0.62%,-1.00%,62.6'',53,Singeing + Dryer(5box60°C)+Sanforized,
X24015,,Regular Finish,,,,,,,,,11/04/2025,219,2503205,70Y,"C:58.2''
F:59''",44,14.0cm,13.5cm,51,7,11.0cm,"C:59''
F:59.6''",-0.70%,-1.10%,0.30%,-1.00%,59.2'',51,"Singeing + Dryer(5box60°C)+Sanforized(Face down), Dobby",
X24016-2,,RFD,"4968x39
10oe(Badsha)X8oe(Badsha), 3/1RHT",RFD#11,Natural Indigo,,,,,,14/05/2025,412,2505385,120Y,"C:66''
F:67''",39,12.0cm,11.0cm,44,5,12.0cm,"C:66.5''
F:67.5''",-1.89%,2.17%,-1.20%,-4.60%,65.7'',46,Singeing + Dryer + Sanforized,
X24033,,Regular Finish,"4176x43
8oe(Badsha)x9oe(Basha), 3/1 RHT",Indigo #5,Windy,,,,,,17/06/2025,606,2506487,150Y,"C:58''
F:59''",49,16.5cm,11.5cm,50,1,14.5cm,"C:58.5''
F:59.2''",1.12%,0.00%,11.00%,0.00%,57.8'',50,Singeing + Dryer(5box 60°C) + Sanforized,
X24048,,Rregular Finish,"4600X45
10ring slub(yt-199)Nishat X 10oe(Badsha)X10rsl(yt-199)Nisht(2:1), 3/1RHT",Indigo#5,Echotex,,,,,,18/02/2025,311,2404432,118Y,"C:60.4''
F:61.4''",45,17.0cm,10.0cm,53,8,12.0cm,"C:60.8''
F:61.7''",0.70%,2.53%,1.15%,0.00%,60.1'',53,Singeing+Dryer(5Box60°C)+Sanforized,
X24056,,Reguler Finish,"4176X38
7rn( Badsha)X10-70D(Nishat), 3/1RHT",Indigo#5,Natural Indigo,,,,,,27/04/2025,210,2502170,100Y,"C:59.2""
F:60.5""",38,13.0cm,11.0cm,45,7,11.0cm,"C:58''
F:59""",0.48%,-1.60%,22.20%,-2.00%,45.1'',45,Singeing + Dryer(5box60°C)+Sanforized,
X24076-2,,Regular Finish,"3726X36
10siro(Badsha)x10siro(Badsha), 1/1 Plain",Dark Indigo,Warptex,,,,,,26/06/2025,617,2504309,35Y,"C:62.5''
F:63.5''",36,0.0cm,0.0cm,42,6,0.0cm,"C:63.5''
F:64.2''",1.42%,6.00%,0.47%,1.30%,63.8'',43,singeing + Dryer(5Box 85°C) + Sanforized,
X24079-2,PRPS110-02R9L,Regular Finish,"4176x44
7oeX16-40D T/Black(Xuzhou), 3/1 RHT",Black#9L,C&A,,,,,,16/06/2025,310,2506482,300Y,"C:62.2''
F:63.5''",44,15.5cm,13.0cm,52,8,14.0cm,"C:60.2''
F:61.2''",1.40%,0.00%,12.40%,0.00%,52.7'',52,Singeing + Dryer(5box60°C)+Sanforized,
X24079-2,,Rregular Finish,"4176x44
7oe(Badsha)x16-40D T/Black (Changzhou), 3/1RHT",Black(#9L),Natural Indigo,,,,,,18/02/2025,207,2407725,62Y,"C:62.5''
F:63.7''",44,17.0cm,12.0cm,53,9,14.0cm,"C:60.8''
F:61.8''",1.96%,1.50%,12.80%,0.00%,53.0'',53,Singeing+Dryer(5Box60°C)+Sanforized,
X24089-3,,Regular Finish,"3906x35
7siro Low TM 3.8(Nishat)X6ring(Nishat), 3/1RHT",Indigo#5,Zara Windy Group,,,,,,31/01/2025,608,2407678,205Y,"C:65''
F:66''",35,17.5cm,13.5cm,42,7,12.0cm,"C:64.4''
F:65.4''",2.10%,-3.50%,-0.60%,-0.20%,64.0'',42,Singeing + Dryer(5box 60°C) + Sanforized,
X24092-2,,Natural,"4464x45
7rsl(nishat)+7oe(Badsha), 2:8 x 10-70D N.S(BCI, Nishat), 3/1RHT",Natural#1,Sainsbury,,,,,,27/06/2025,406,2506534,130Y,"C:61.8'
F:62.8'",45,15.5cm,12.0cm,53,8,12.0cm,"C:60.8''
F:61.7'",1.57%,0.47%,21.30%,1.00%,47.8'',54,Dryer(Old) cool water ,
X24102,,Natural,"4216x35
7rn(Nishat)x10oe(Badsha), 3/1RHT",Natural #01,H&F,,,,,,27/06/2025,320,2506532,120Y,"C:62.4''
F:63.2'",35,15.5cm,13.5cm,43,8,15.0cm,"C:63""
F:63.8""",4.00%,0.72%,2.20%,2.30%,61.6'',44,Dryer(Old) cool water ,
X24106,,Regular,"6840x60
20ring compact(Nishat) X 20ring compact(Nishat)",Dark Indigo#6,MKT,,,,,,06/08/2025,321,2505427,200Y,"C:65''
F:65.8''",60,15.0cm,13.5cm,69,9,13.5cm,"C:65.5''
F:66.1''",-0.56%,0.00%,0.40%,1.00%,65.2'',68,Singeing?Dryer(5box 60°C)?Sanforized,
X24108-3,,Regular Finish,"4752x50
10ring(Nishat) X 16-40D N.S(Badsha) + 16-70D N.S(Sunray)2:1, 3/1 RHT",Dark Indigo#6,MKT,,,,,,09/03/2025,610,2503196,102Y,"C:57''
F:58''",50,14.0cm,11.0cm,59,9,9.5cm,"C:55.2''
F:56.2''",-1.25%,-0.23%,-21.30%,0.00%,43.4'',59,singeing + Dryer(5Box 60°C) + Sanforized,
X24109,,Regular,"6840x60
20rn Compact(Nishat)X20rn Compact(Nishat), 3/1RHT",Dark Indigo#6,Windy Group/ LIDL,,,,,,04/03/2025,121,2502175,125Y,"C:64.6''
F:65.''",60,13.0cm,10.5cm,69,9,14.0cm,"C:65''
F:65.5''",6.00%,0.00%,-1.23%,0.00%,64.2'',69,singeing + Dryer(5Box 60°C) + Sanforized,
X24109,,Regular,"6840x60
20rn Compact(Nishat)X20rn Compact(Nishat), 3/1RHT",Dark indigo#6,Windy Group/ LIDL,,,,,,07/08/2025,Issue date,,,,,,,,0,,,,,,,,,,
X24109,,Regular,"6840x60
20ring compact(Nishat) X 20ring compact(Nishat), 3/1RHT",Dark indigo#7,Windy Group/ LIDL,64''--65'',,# +/-(3--4)%,6.7 oz,,02/08/2025,Issue date,2505427,,,,,,,0,,,,,,,,,Singeing?Dryer(5box 60°C)?Sanforized,
X24120-1,,Reguler Finish,"4025x34
7siro Low TM 3.8(Nishat)X6Tencel(Envoy), 3/1RHT",indigo#5,Windy Group,,,,,,27/04/2025,509,2407678,186Y,"C:65.5""
F:66.5""",34,17.0cm,14.0cm,40,6,17.5cm,"C:64.8''
F:65.8""",0.99%,2.50%,1.50%,1.00%,63.8'',41,Singeing + Dryer(5box60°C)+Sanforized,
X24120-1,,Reguler Finish,"4025x34
7siro low TM 3.8 X 6Tencel(Envoy), 3/1RHT",Indigo #5,MKT,,,,,,10/07/2025,411,2507592,100Y,"C:65.7''
F:66.5''",34,15.5cm,13.0cm,40,6,18.0cm,"C:65.2''
F:66.1''",3.50%,3.30%,-3.30%,0.00%,63.6'',40,Singeing + Dryer(5Box 60°C) + Sanforized,
X24120-1,,Reguler Finish,"4025X34
7siro low TM 3.8(Nishat) X 6Tencel(Envoy), 3/1RHT",Indigo#5,TM Group /Saju,,,,,,23/12/2024,305,2407678,211Y,"C:66''
F:66.7''",34,16.0cm,13.5cm,42,8,16.5cm,"C:65.5''
F:66.2''",1.11%,2.10%,-3.05%,2.00%,63.5'',40,Singeing + Dryer(5box 60°C ) + Sanforized,
X24141,TN115-01R3B,Regular Finish,"3780x35
7siro(Low TM 3.8)Envoy X 6Tencel(Envoy), 3/1RHT",Grey#03,MKT,,,,,,30/05/2025,609,2505466,140Y,"C:65.7''
F:66.5''",35,14.0cm,12.5cm,43,8,17.0cm,"C:64.7''
F:65.4''",3.41%,4.90%,-2.60%,2.00%,63.0'',41,Singeing + Dryer(5box60°C)+Sanforized,
X24144,,Regular Finish,"3888x39
8rn(Nishat, BCI) x 9oe(Badsha)+9rn(Nishat), (2:1), 3/1RHT",Dark Indigo#6,Natural Denim,,,,,,25/05/2025,609,2505444,122Y,"C:62.8''
F:63.4''",39,16.0cm,12.5cm,45,6,15.5cm,"C:60.6''
F:61.6''",4.14%,1.27%,-0.63%,-1.00%,62.6'',46,Singeing + Dryer(5box60°C)+Sanforized,
X24144,,Regular Finish,"3888x39
8rn(Nishat) x 9oe(Badsha)+9rn(Milon), (2:1), 3/1RHT",Dark Indigo#6,Natural Indigo,,,,,,10/02/2025,507,2404384,138Y,"c:61.8""
 F:62.5""",39,18 cm,14.5 cm,45,6,15.5 cm,"c:62.2""
 F:63""",1.20%,1.10%,0.90%,-1.00%,"62.8""",46,Singeing+Dryer(5Box60°C)+Sanforized,
X24145,,Padding,,,,,,,,,28/06/2025,618,2506536,124Y,"C:63.7''
F:64.4'",38,14.0cm,13.5cm,45,7,12.0cm,"C:63.8""
F:64.6""",-1.40%,-0.70%,1.00%,3.00%,48.0'',49,Singeing   + Dryer(Padding 140GPL) +  Sanforized,
X24146,,Regular Finish,,,,,,,,,23/06/2025,111,2506503,57Y,"C:60.5''
F:61.5''",44,16.0cm,13.0cm,51,7,14.0cm,"C:58''
F:59''",-1.60%,2.80%,15.10%,1.60%,50.2'',51,5Box 60°C,
"X241562
Tencel",,Padding,,,,,,,,,28/06/2025,607,2504350,121Y,"C:60.6''
F:61.4'",42,14.5cm,13.0cm,48,6,15.5cm,"C:60""
F:60.8""",3.21%,0.70%,3.30%,1.00%,62.0'',47,Singeing   + Dryer(Padding 140GPL) +  Sanforized,
X24168-1,,Regular Finish,,,,,,,,,18/12/2024,310,24121135,105Y,"C:61''
F:62''",50,18.0cm,14.0cm,57,7,12.0cm,"C:60.8''
F:61.5''",-1.77%,0.40%,-11.02%,-1.00%,54.1'',58,Singeing + Dryer(5box 60°C ) + Sanforized,
X24170-2,RN065-09R5,Regular Finish,,,,,,,,,02/05/2025,321,2505476,504Y,"C:58''
F:58.7''",48,15.5cm,12.0cm,55,7,12.5cm,"C:58.5''
F:59.2''",1.28%,-1.40%,0.50%,-1.40%,58.8'',55,Singeing + Dryer(5box60°C)+Sanforized,
X24170-2,RN065-09R5,Regular,"4896X48
16RN(Nishat)+16rsl(YT-161)Nishat X 16rn(Nishat) + 16oe(Milon)1:1, 3/1RHT",Indigo#5,Warptex,,,,,,20/04/2025,118,2504318,313Y,"C:57.4''
F:58.2''",48,14.0cm,14.0cm,55,7,12.0cm,"C:58''
F:58.9''",-0.70%,-0.28%,-0.34%,-1.50%,58.2'',56,Singeing + Dryer(5box60°C)+Sanforized,
X24187,,Regular Finish,"4464x42
10siro(Badsha)X12oe(Badsha, BCI), 3/1RHT",Natural #1,Windy Group,,,,,,27/06/2025,101,2505453,170Y,"C:64.3''''
F:65'",42,12.5cm,14.5cm,52,10,13.5cm,"C:64.5''
F:65.2''",0.00%,0.00%,-1.50%,-1.50%,63.5'',50,Singeing + Dryer(5box60°C)+Sanforized(Old),
X24188,,Regular Finish,"4464x42
10siro(Badsha)X12oe(Badsha, BCI), 3/1RHT",Black#9L,MKT,,,,,,26/05/2025,617,2505428,125Y,"C:63''
F:64''",42,14.0cm,13.5cm,49,7,16.0cm,"C:63''
F:63.8''",3.25%,2.97%,-0.94%,0.00%,63.2'',49,Singeing + Dryer(5box60°C)+Sanforized,
X24219-1,,Regular Finish,"4464x48
7rsl(Nishat)+8oe(Badsha)6:4 X 12-40D(Nishat) , 3/1RHT",Blue Black(*8D),Sainsbury,,,,,,26/02/2025,103,2502160,188Y,"C:61.8''
F:63''",48,16.5cm,15.0cm,57,9,12.5cm,"C:61''
F:62''",-1.80%,-0.15%,15.50%,1.00%,51.5'',56,Singeing + Dryer(5box 60°C) + Sanforized,
X24230,,Regular-Natural,"4692x44
12oe(Badsha, BCI) X 12oe(Badsha, BCI)",Natural #1,Natural Indigo,60''--61'',,# +/-(3--4)%,8.30 oz,,09/08/2025,109,2508688,100Y,"C:61''
F:62''",44,14.0cm,10.5cm,51,7,11.0cm,"C:61''
F:62''",0.10%,-0.10%,-1.90%,-2.80%,59.8'',52,"Singeing?Dryer(old, 1box)?Sanforized",
X24235-1,,Regular Finish(Face Down),"5508x43
10oe(Badsha)X10oe(Badsha), Dobby",Black #9S,Natural Indigo,,,,,,07/01/2025,118,2410980,107Y,"C:65''
F:66.5''",43,4.5cm,4.5cm,50,7,2.0cm,"C:66''
F:67''",-1.30%,-1.10%,-3.05%,-1.30%,64.0'',51,Singeing + Dryer(5box 60°C) + Sanforized,
X24236,,Regular,"4060x39
7SR(Envoy)X7OE(Badsha), 3/1RHT",Black(#9L),Windy Group,,,,,,20/04/2025,412,24101001,180Y,"C:61.5''
F:62.5'' ",39,15.0cm,12.0cm,42,3,12.0cm,"C:61.1''
F:63''",0.42%,0.56%,0.00%,-1.30%,62.0'',47,Singeing + Dryer(5box60°C)+Sanforized,
X24239,,Regular Finish,"5508X43
16ring(Nishat)X16ring(Nishat)",Indigo#5,MKT,,,,,,21/01/2025,118,2501058,200Y,"C:63''
F:63.5''",43,2.0cm,3.5cm,50,7,0.0cm,"C:63.5''
F:64''",2.00%,2.40%,-0.40%,-2.00%,63.2'',50,Singeing + Dryer(5box 60°C) + Sanforized,
X24246,,"Regular , Tencel",,,,,,,,,17/04/2025,515,2504309,36Y,"C:63''
F:64''",42,18.0cm,10.5cm,48,6,16.5cm,"C:63''
F:63.8''",4.10%,6.40%,-1.50%,-1.50%,62.0'',49,Singeing + Dryer(5box60°C)+Sanforized,
X24246,,Rregular Finish(100% Tencel)-weft yarn,,,,,,,,,04/02/2025,305,2502093,205Y,"C:63.4''
F:64''",42,13.5cm,12.0cm,48,6,15.0cm,"C:62.7''
F:63.4''",-0.84%,1.26%,0.00%,0.00%,62.0'',48,Singeing + Dryer(5box 60°C) + Sanforized,
X24246,,"Regular finish, Tencel",,,,,,,,,23/07/2025,416,2507601,103Y,"C:62.2''
F:63''",42,16.0cm,16.0cm,49,7,16.0cm,"C:61.5''
F:62.2''",0.80%,-1.95%,-0.65%,2.00%,61.1'',48,Singeing + Dryer(5box 60°C ) + Sanforized(New M/C),
X24247,,Regular Finish,,,,,,,,,14/03/2025,507,2501077,100Y,"C:60''
F:60.8''",42,15.5cm,12.0cm,49,7,14.5cm,"C:60''
F:60.8''",0.90%,2.40%,-0.90%,0.00%,60.0'',49,Singeing + Dryer(5box60°C)+Sanforized,
X24256,,Regular Finish,"4176x45
8ring(Nishat)x16-40D N.S T/Raw (changzhou), 3/1RHT",Dark Inidigo#6,Al-Islam/SF Denim/Euro Denim,,,,,,23/12/2024,320,2404384,194Y,"C:57.8''
F:59''",45,15.0cm,11.0cm,53,8,11.0cm,"C:55.2''
F:56.2''",-1.36%,0.00%,-15.76%,0.00%,46.5'',53,Singeing + Dryer(5box 60°C ) + Sanforized,
X24266,PR137-01R5,Regular Finish(1box Dryer),,,,,,,,,30/01/2025,608,2408779,100Y,"C:62.8''
F:63.8''",39,13.0cm,13.0cm,48,9,12.0cm,"C:62.8''
F:63.8''",0.42%,3.96%,-3.20%,3.00%,60.8'',47,Singeing + Dryer(1Box 85°C) + Sanforized,
X24266(taiwan),PR137-01R9S,Regular Finish(1box Dryer),,,,,,,,,18/12/2024,320,24121132,300Y,"C:62.5''
F:63.4''",40,15.0cm,12.0cm,48,8,13.0cm,"C:62.1''
F:63.1''",0.00%,0.86%,-2.58%,0.00%,60.5'',48,Singeing + Dryer(1box 85°C) + Sanforized,
X24282,PR105-08R5,Regular Finish,"4464X43
9oe(Badsha) X 9oe(Badsha)+9rn(Nishat) 1:1, 3/1RHT",Black#9S,SF Denim,,,,,,18/03/2025,105,2503245,180Y,"C:63.8''
F:64.5''",43,18.0cm,13.5cm,50,7,15.0cm,"C:63.6''
F:64.5''",3.50%,-1.42%,-1.50%,-1.80%,62.6'',50,Singeing + Dryer(5box60°C)+Sanforized,
X24283,,Regular Finish,"4464X48
7rsl(Nishat)+8oe(Badsha)6:4, 3/1RHT",Black #9L,Sainsbury,,,,,,21/12/2024,404,24121142,150Y,"C:61''
F:62''",48,16.5cm,14.0cm,57,9,12.5cm,"C:61''
F:62''",-0.60%,0.00%,14.40%,0.00%,52.2'',57,Singeing + Dryer(5box 60°C ) + Sanforized,
X24288,,Regular Finishing,"4176x38
8ring(Nishat)X8oe(Badsha), 3/1RHT",Blue Black#8C,SF Denim,,,,,,04/01/2025,308,25102,120Y,"C:53''
F:64''",38,18.5cm,13.0cm,45,7,15.0cm,"C:64''
F:64.8''",1.43%,2.98%,-1.40%,-2.00%,63.1'',46,Singeing + Dryer(5box 60°C) + Sanforized,
X25001,,Heat Setting?Regular,"4176X52
8ring(Nishat)X10-40D(Lycra, Sunray), 3/1RHT",Black#9L,Jennyfer,,,,,,07/01/2025,102,24121135,40Y,"C:60.2''
F:61.2''",52,14.0cm,11.0cm,60,8,10.0cm,"C:59.6''
F:60.5''",-1.90%,0.40%,-14.90%,0.00%,51.2'',60,Singeing?Heat Setting? Dryer(5box 60°C) + Sanforized,
X25005-1,,Regular Finish,"4176x50
9oe(BCI, Badsha)+10-40D(Lycra, Sunray)1:1 , 3/1RHT",Black#9L,Jennyfer,,,,,,13/01/2025,407,24121135,75Y,"C:61.2''
F:62.2''",50,17.0cm,12.0cm,58,8,11.0cm,"C:61''
F:61.8''",-1.30%,0.28%,-7.37%,2.80%,56.6'',56,Singeing + Dryer(5box 60°C) + Sanforized,
X25005-2,,Regular Finish,"4176x50
10oe(Badsha)+10-40D(Lycra, Sunray)1:1 , 3/1RHT",Black#9L,Jennyfer,,,,,,13/01/2025,407,24121135,75Y,"C:61.2''
F:62.2''",50,17.0cm,12.5cm,58,8,12.0cm,"C:60.9''
F:61.5''",2.05%,-2.34%,-8.80%,1.00%,55.5'',57,Singeing + Dryer(5box 60°C) + Sanforized,
X25006,,Regular Finish,"4968X48
9oe(Badsha)+9rsl(YT-329)Nishat X200-70D Recycle(Hangzhou), 3/1RHT",Indigo#5,,,,,,,16/01/2025,310,2501042,105Y,"C:59.6''
F:60.5''",48,14.0cm,9.5cm,46,-2,13.5cm,"C:56.2''
F:57''",0.45%,6.50%,-14.50%,-0.40%,48.0'',57,Singeing + Dryer(5box 60°C) + Sanforized,
X25007,RNPS080-13R9T,Desized Finish,"5508x55
16ring(Nishat) X 20-40D T/Black(Xuzhou), 3/1RHT",Black #9T,C&A,,,,,,16/01/2025,323,2501038,125Y,"C:58''
F:58.8''",55,7.0cm,6.0cm,61,6,8.5cm,"C:53''
F:53.6''",2.64%,3.40%,15.09%,-3.00%,45.5'',62,Singeing + Desized + Dryer + Sanforized,
X25010-1,,Regular Finish,"5984X58
16rsl(YT-199)Nishat X 20-40D T/R black(Xuzhou)+20-70D T/R Black, 1:1, 3/1RHT",Black #9S,Al -Muslim Group,,,,,,23/01/2025,218,2404411,25Y,"C:56''
F:57''",58,15.0cm,9.0cm,67,9,8.0cm,"C:53.5''
F:54.5''",-1.20%,-0.30%,-20.00%,-1.20%,42.8'',68,Singeing + Dryer(5box 60°C) + Sanforized,
X25010-2,,Regular Finish,"5984x58
16rsl(YT-199)Nishat X 20-40D T/R Black(Xuzhou)+20-70D T/R Black(Jiangsu) 2:1, 3/1RHT",Black #9S,Al -Muslim Group,,,,,,23/01/2025,218,2404411,25Y,"C:57''
F:58''",58,15.0cm,9.0cm,67,9,8.5cm,"C:54.8''
F:55.5''",-1.50%,-0.70%,-18.06%,-0.80%,44.9'',67,Singeing + Dryer(5box 60°C) + Sanforized,
X25011-1,,Regular,"7200x82
20ring(Nishat)X20ring(Nishat)+20-40D N.S(Nishat) 1:2, SBC(RHT)",RFD#11,Just James,,,,,,21/01/2025,Issue date,,100Y,,,,,,0,,,,,,,,,,
X25014-1,,Regular Finish,"4464x42
10siro(Nishat)X12oe(Badsha)+12rn(Badsha) 1:1, 3/1RHT",Dark Indigo#6,Jennyfer,,,,,,28/01/2025,506,2501077,60Y,"C:62.8''
F:63.6''",42,16.0cm,13.0cm,48,6,14.5cm,"C:63.5''
F:64.5''",2.10%,2.40%,-1.40%,-1.20%,62.6'',49,Singeing + Dryer(5box 60°C) + Sanforized,
X25014-2,,Regular Finish,"4464x42
10siro(Badsha)X12rn(Badsha), 3/1RHT",Dark Indigo#6,PRIMARK TEST,,,,,,20/06/2025,402,2504309,70Y,"C:62''
F:63''",42,14.0cm,9.5cm,47,5,11.5cm,"C:63.7''
F:64.5''",2.71%,0.71%,0.47%,2.50%,63.4'',48,Singeing+Dryer(5Box60°C)+Sanforized,
X25014-2,,Regular,"4464x42
10siroX12rn(Badsha), 3/1RHT",Dark Indigo#6,Primark-Windy,,,,,,14/07/2025,219,2507601,100Y,"C:61.8''
F:62.8''",42,15.0cm,10.0cm,50,8,13.0cm,"C:62.7''
F:63.7''",1.27%,-1.83%,-0.30%,0.00%,62.5'',50,singeing + Dryer(5Box 60°C) + Sanforized,
X25014-2,,Regular Finish,"4464x42
10siro(Nishat)X12rn(Badsha), 3/1RHT",Dark Indigo#6,Jennyfer,,,,,,28/01/2025,506,2501077,30Y,"C:62.5''
F:63.2''",42,16.0cm,12.5cm,48,6,12.5cm,"C:63.5''
F:64.5''",0.90%,2.60%,-0.70%,0.00%,62.8'',48,Singeing + Dryer(5box 60°C) + Sanforized,
X25014-3,,Regular Finish,"4464x42
10siro(Nishat)X12oe(Badsha)+12ring(Badsha) 2:1, 3/1RHT",Dark Indigo#6,Jennyfer,,,,,,22/01/2025,506,2501077,50Y,"C:62.8''
F:63.5''",42,16.0cm,12.5cm,49,7,15.0cm,"C:63.5''
F:64''",0.40%,-5.20%,-1.20%,0.00%,62.7'',49,Singeing + Dryer(5box 60°C) + Sanforized,
X25015,RN075-04R11(X24227),"RFD, Regular Finish","4800x44
12rsl(YT-204)Nishat X 12oe(Badsha) 3:7 X 16ring+16oe, 2/1RHT",RFD#11,Jennyfer,,,,,,25/01/2025,605,2501055,242Y,"C:58.4''
F:59.1''",44,7.0cm,7.0cm,49,5,7.0cm,"C:59.2''
F:60''",1.90%,-0.40%,0.50%,-1.60%,59.5'',49,Singeing + Dryer + Sanforized(old),
X25016,,Regular Finish,"3910x44
7oex8oe(Badsha), 3/1RHT",Indiog#5,Nitex Group,,,,,,01/02/2025,409,2501074,120Y,"C:60.2''
F:61.2''",44,16.5cm,13.0cm,51,7,14.5cm,"C:60.8''
F:61.5''",0.10%,1.20%,-1.40%,1.60%,59.9'',51,Singeing + Dryer(5box 60°C) + Sanforized,
X25017,,Rregular Finish(100% Tencel),"4488x45
10siro(Nishat)X10ring Tencel(C-100%,), 3/1RHT",Grey#3B,Natural Denim,,,,,,06/02/2025,305,2502094,212Y,"C:62.3''
F:63''",45,16.0cm,12.5cm,52,7,14.0cm,"C:62''
F:63''",0.20%,2.80%,-1.60%,-18.60%,61.0'',51,Singeing +  Dryer( 5 Box 60°C) + Sanforized,
X25020,,Regular Finish,"4464x48
8oe+7rsl(Q-476)(7:3) X 12-40D(Nishat), 3/1RHT",Black*9S,Sainsbury,,,,,,25/02/2025,103,2502099,160Y,"C:61.2''
F:62.2''",48,15.0cm,14.5cm,56,8,12.5cm,"C:60.8''
F:61.8''",-0.75%,1.36%,-13.30%,-1.00%,52.7'',57,Singeing + Dryer(5box 60°C) + Sanforized,
X25020,,Rregular Finish,"4464x48
8oe(Badsha)+7rsl(Q-476)Nishat (7:3) X 12-40D(Nishat), 3/1RHT",Black#9T,Sainsbury,,,,,,11/02/2025,202,2502099,44y,"C:61.2""
 F:62""",48,17.5 cm,13.5 cm,58,10,12 cm,"C:60.5""
 F:61.5""",-3.70%,2.50%,13.80%,2.60%,"52.1""",58,Singeing+Dryer(5Box60°C)+Sanforized,
X25021-1,,Regular(Face down),"4752x38
12ring(Badsha)+12rsl(yt-233)Nishat, 8:2 X 12rsl(yt-233)Nishat, 2/1RHT",indigo#5,Lidl,,,,,,08/02/2025,109,2502106,165Y,"C:63.5''
F:64.4''",38,9.5cm,9.5cm,44,6,10.0cm,"C:64''
F:64.8''",0.70%,2.40%,0.00%,-0.60%,64.0'',44,Singeing +  Dryer( 5 Box 60°C) + Sanforized,
X25021-2,,Regular(Face down),"4752x38
12ring(Badsha)+12rsl(yt-233)Nishat, 8:2 X 12rsl(yt-233)Nishat + 12RN(Badsha), 1:1, 2/1RHT",indigo#5,Lidl,,,,,,08/02/2025,109,2502105,165Y,"C:63.7''
F:64.5''",38,9.5cm,9.5cm,45,7,9.0cm,"C:63.8''
F:64.4''",-0.90%,-0.70%,0.00%,0.00%,63.8'',45,Singeing +  Dryer( 5 Box 60°C) + Sanforized,
X25023,,,"4752x38
10ring(Badsha)x9ring(Badsha)+9oe(Badsha), (1:1), 3/1LHT",Indigo#5,SF Denim/ C&A,,,,,,10/02/2025,305,2502109,104Y,"C:63''
F:63.8''",38,17.5cm,13.0cm,43,5,11.0cm,X,-0.70%,3.40%,0.00%,-4.50%,63.2'',45,Singeing + Dryer(5box 60°C) +  Sanforized,
X25024,,Rregular Finish,"4752x44
7ring(Nishat) + 8.5rls(Nishat), (1:2) X 7OE(Badsha), 3/1RHT",Indigo#5,Jennyfer,,,,,,11/02/2025,305,2502116,160Y,"C:65.5''
F:66.2''",44,16.5cm,12.0cm,51,7,13.5cm,"C:65.9''
F:66.5''",0.00%,3.40%,-2.10%,0.00%,64.5'',51,Singeing+Dryer(5Box60°C)+Sanforized,
X25025-1,,Sanforized(1box),"4176x39
8ringX9oe(Badsha), 3/1RHT",Indigo#5,Zara(Natural Indigo),,,,,,09/02/2025,201,2502110,60Y,"C:64''
F:64.8''",38,16.0cm,13.5cm,42,4,15.5cm,"C:64.5''
F:65.4''",-0.20%,-4.40%,-2.01%,-8.60%,63.2'',46,Singeing +Dryer(1box cold water ) + Sanforized(ppi: 3/4),
X25025-2,,No-Sanforized,"4176x39
8ringX9oe(Badsha), 3/1RHT",Indigo#5,Zara(Natural Indigo),,,,,,09/02/2025,201,2502110,60Y,"C:68.5''
F:69.5''",39,X,13.0cm,39,0,17.0cm,"C:64''
F:64.7''",1.80%,5.90%,-1.50%,-174.00%,63'',46,Singeing + Dryer(1box cold water) - No-Sanforized,
X25028,,Rregular Finish,"4752x44
7rn(Nishat)+9rsl(yt-329)Nishat(2:1)X7oe(Badsha), 3/1RHT",Indigo#5,Jennyfer,,,,,,18/02/2025,614,2502136,60Y,"C:66.4''
F:67.2''",44,14.0cm,13.0cm,53,9,13.0cm,"C:66.4''
F:67.4''",0.28%,-0.70%,-2.71%,1.00%,64.6'',52,Singeing+Dryer(5Box60°C)+Sanforized,
X25029,PR120-06R5,Regular Finish,"3906X42
6oe Low TM(Badsha) X 10oe(Badsha), 3/1 RHT",Natural#01,Leftise,,,,,,24/02/2025,111,2502143,250Y,"C:64.4''
F:65.'4''",42,19.0cm,16.5cm,49,7,16.5cm,"C:64.5''
F:65.4''",-2.00%,2.70%,-2.17%,-1.00%,63.1'',50,Singeing + Dryer(5box 60°C) + Sanforized,
X25030,PR120-06R5,Natural(Regular),"3906X42
6oe low TM(Badsha) X 10oe(Badsha)",Black#9S,Lefties,,,,,,23/02/2025,111,2502144,90Y,"C:63.8''
F:64.3''",42,16.5cm,14.0cm,48,6,16.0cm,"C:64''
F:64.8''",-0.99%,6.11%,-1.56%,0.00%,63.0'',48,Singeing + Dryer(5box 60°C) + Sanforized,
X25031-1,,Regular Finish,"5760X52
16ring(Nishat)X20-40D(Lycra, Raw, changxhou)+20-70D T/Raw(Xuzhou) 1:1,3/1RHT",Dark Indigo#06,Natural Indigo,,,,,,20/02/2025,119,2410992,60Y,"C:55.3''
F:56''",52,12.0cm,8.0cm,59,7,9.0cm,"C:50.6''
F:51.4''",-0.70%,3.30%,-21.90%,-2.30%,39.5'',61,Singeing + Dryer(5box 60°C) + Sanforized,
X25031-2,,Regular Finish,"5760X52
16ring(Nishat) X 20-40D T/Raw  + 20-70D T/Raw(Xuzhou)2:1,3/1RHT",Dark Indigo#6,Natural Indigo,,,,,,20/02/2025,119,2410992,60Y,"C:57''
F:57.7''",52,12.0cm,8.0cm,59,7,9.0cm,"C:53.5''
F:54.2''",-0.80%,4.48%,-22.20%,2.20%,41.3'',61,Singeing + Dryer(5box 60°C) + Sanforized,
X25032,,Regular Finish,"4464x48
10rsl(yt-233)Nishat X 16-70D T/Raw(Changzhou), 3/1RHT",Blue Black #9S,Natural Indigo,,,,,,25/02/2025,103,2502153,60Y,"C:56''
F:57''",48,14.5cm,9.5cm,55,7,10.0cm,"C:52.2''
F:53.2''",0.79%,2.21%,-19.50%,-3.00%,42.0'',57,Singeing + Dryer(5box 60°C) + Sanforized,
X25032,,Regular Finish,,,,,,,,,23/07/2025,220,2502153,106Y,"C:55.8''
F:56.8''",48,14.0cm,10.0cm,57,9,9.5cm,"C:63''
F:64''",2.00%,-3.10%,-21.00%,-1.00%,41.7'',59,Singeing + Dryer(5box 60°C ) + Sanforized(New M/C),
X25033,,Regular Finish,"3888X39
7oeX7oe(Badsha), 3/1RHT",indigo*5,Jeans Manufacturing,,,,,,23/02/2025,505,2502150,60Y,"C:63.5''
F:64''",39,18.0cm,13.0cm,44,5,14.0cm,"C:63.8''
F:64.8''",0.28%,1.56%,-2.03%,0.00%,62.5'',44,Singeing + Dryer(5box 60°C) + Sanforized,
X25034,,Regular Finish,"5184x42
10OE(Badsha)x10OE(Badsha), 3/1 RHT Stripe",Black #9S,Warptex,,,,,,08/03/2025,115,2503200,106Y,"C:65.5''
F:66.7''",42,15.5cm,12.0cm,50,8,14.0cm,"C:65.8''
F:66.6''",0.71%,0.85%,1.97%,0.00%,64.5'',50,singeing + Dryer(5Box 60°C) + Sanforized,
X25034,,Regular ,"5184x42
10OE(Badsha)x10OE(Badsha), 3/1 RHT",Black*9S,Warptex,,,,,,01/03/2025,219,2502169,120Y,"C:65.2''
F:66''",42,16.5cm,15.0cm,50,8,12.5cm,"C:65''
F:65.7''",-2.39%,0.42%,-1.50%,0.00%,64.0'',50,singeing + Dryer(5Box 60°C) + Sanforized,
X25035-1,,Regular ,"5760x52
16ring(Nishat) X 20-40D R/Raw(changhou, Lycra), 3/1RHT",Blue Black#8C,Natural Indigo#,,,,,,01/03/2025,123,2502176,120Y,"C:55.2''
F:56''",52,13.5cm,10.0cm,61,9,10.0cm,"C:53''
F:53.8''",-3.60%,2.18%,-21.60%,0.00%,41.5'',61,singeing + Dryer(5Box 60°C) + Sanforized,
X25035-2,,Regular ,"5760x52
16ring(Nishat) X 20-40D R/Raw(changzhou, Lycra) + 20-70D N.S(Nishat) 2:1, 3/1RHT",Blue Black#8C,Natural Indigo#,,,,,,01/03/2025,123,2502176,,"C:
F:",52,13.5cm,10.0cm,62,10,9.0cm,"C:51.7''
F:52.5''",-3.14%,2.37%,-23.00%,0.00%,39.8'',62,singeing + Dryer(5Box 60°C) + Sanforized,
X25036,RN135-01R5,Regular ,"4464x42
7ring(Nishat) X 6oe(Badsha)+6ring(Nishat)1:1, 3/1RHT",Blue Black#8C,SF Denim,,,,,,02/03/2025,404,2503179,100Y,"C:66''
F:66.8''",42,19.0cm,14.5cm,49,7,15.0cm,"C:65.7''
F:66.6''",-1.14%,2.45%,-3.04%,-1.30%,63.7'',50,singeing + Dryer(5Box 60°C) + Sanforized,
X25038-1,,Regular(1box Dryer),,,,,,,,,06/03/2025,104,2502170,60Y,"C:62''
F:63''",47,17.0cm,13.0cm,53,6,13.5cm,"C:61.8''
F:62.8''",0.00%,1.02%,-3.70%,-3.60%,59.5'',55,singeing + Dryer(1box cool water) + Sanforized,
X25039,,Regular Finish,"3888x42
7ring(Badsha)X8oe(Badsha)+10-70D(Nishat) 1:1, 3/1RHT",Black #9S,Jennyfer,,,,,,05/04/2025,505,2503203,102Y,"C:61.5''
F:62.4''",42,17.5cm,13.5cm,49,7,13.5cm,"C:60.8''
F:61.8''",1.05%,-2.55%,12.80%,0.00%,53.0'',49,Singeing + Dryer(5box50°C)+Sanforized,
X25039,,Regular Finish,"3888x42
7ring(Badsha)X8oe(Badsha)+10-70D(Nishat) 1:1, 3/1RHT",Black#9S,Jennyfer,,,,,,08/03/2025,304,2503203,62Y,"C:61.2''
F:62.2''",42,16.5cm,14.0cm,49,7,12.0cm,"C:60.8''
F:61.8''",-1.66%,0.76%,-13.40%,-1.20%,52.6'',50,singeing + Dryer(5Box 60°C) + Sanforized,
X25040,,Regular Finish,,,,,,,,,11/03/2025,310,2503199,15Y,"C:63.8''
F:64.6''",50,10.0cm,7.5cm,59,9,10.0cm,"C:63''
F:63.8''",1.68%,0.98%,2.20%,1.00%,61.6'',58,Singeing + Dryer(5box60°C)+Sanforized(Face down),
X25041,,Regular Finish,"4800x50
16oe B:18,W:9 x 16rn(nishat), 2/1 RHT Stripe",Indig#5,Laila Style,,,,,,14/03/2025,309,2503219,100Y,"C:57''
F:57.5''",50,7.5cm,6.0cm,55,5,6.5cm,"C:57.8''
F:58.4''",0.10%,0.20%,0.00%,-4.60%,57.8'',57,Singeing + Dryer(5box60°C)+Sanforized-new sanfo(Twill Up),
X25041(ST-070-02R5),,Regular(Twill down),"4800x50
16oe B:18,W:9 x 16rn(nishat) , /1 RHT Stripe",Indigo #5,Madry Jeans/Sonae,,,,,,29/07/2025,605,2507654,130Y,"C:57.5''
F:58''",50,8.5cm,7.5cm,58,8,9.0cm,"C:57.8''
F:58.2''",1.60%,-0.90%,0.30%,1.00%,58.0'',56,Singeing?Dryer(5box 60°C)?Sanforized,
X25042(copy of X25039),,Regular Finish,"3906X42
7ring(Badsha)X8oe(Badsha)+10-70D(Nishat)(1:1), 3/1 RHT",Black(#9S),Jennyfer,,,,,,14/03/2025,406,2503203,58Y,"C:60.5''
F:61.5''",42,16.5cm,13.0cm,50,8,11.5cm,"C:60.4''
F:61.4''",-1.50%,0.70%,-13.50%,0.80%,52.2'',49,Singeing + Dryer(5box60°C)+Sanforized,
X25043,RS120-09R5,Regular Finish,"4488X37
8oe(Badsha)+9rsl(YT-329)Nishat X 7oe(Badsha)",Indigo#5,MBI,,,,,,17/03/2025,604,2503231,150Y,"C:62.8''
F:63.4''",37,9.0cm,7.5cm,42,5,8.0cm,"C:62.8''
F:63.5''",1.59%,-1.57%,-2.30%,-3.40%,61.3'',43,Singeing + Dryer(5box60°C)+Sanforized(Face down),
X25044,RN075-04R6,Regular Finish,"4800x44
12rsl(YT-204)Nishat + 12oe(Badsha) 3:7 X 16rsl(YT-161)(Nishat)+16ring(Nishat), 2/1RHT",Dark Indigo#6,Jennyfer,,,,,,18/03/2025,208,2503238,170Y,"C:60''
F:60.7''",44,8.5cm,8.5cm,50,6,10.0cm,"C:59.4''
F:60''",2.15%,0.99%,-1.10%,-1.00%,58.7'',51,Singeing + Dryer(5box60°C)+Sanforized(Face Up),
X25045,RN075-04R9L,Regular Finish,"4800X44
12rsl(yt-204)Nishat + 12oe(Badsha) (3:7) X 16rsl(YT-161) Nishat + 16ring(Nishat), 2/1RHT",Black #9L,Jennyfer,,,,,,17/03/2025,109,2503239,116Y,"C:58.8''
F:59.4''",44,7.0cm,6.0cm,51,7,9.3cm,"C:59''
F:59.8''",2.94%,0.56%,-0.80%,0.00%,58.5'',51,Singeing + Dryer(5box60°C)+Sanforized(Face down),
X25046,,Regular Finish,"3888X39
7oe Low TM(Badsha) X 7oe(Badsha), 3/1RHT",Indigo#5,Jeans Manufacturing,,,,,,17/03/2025,513,2503230,69Y,"C:64.2''
F:65.2''",39,12.0cm,12.0cm,46,7,14.0cm,"C:64''
F:65''",1.99%,-0.28%,-1.50%,0.00%,63.0'',46,Singeing +Dryer(5box 60°C)+ Sanforized,
X25047,,Regular(Optical White),"4216X44
10oe(Badsha)X10-70D(Nishat), 3/1RHT",Optical White#2,Echotex,,,,,,19/03/2025,211,2503221,122Y,"C:53.8''
F:55''",44,11.0cm,10.0cm,49,5,9.5cm,"C:52.8''
F:53.8''",-2.18%,1.56%,-16.60%,-3.00%,44.0'',52,Singeing + Dryer(5box60°C)+Sanforized(Old),
X25048,,Regular Finish,"4464x42
7ring(nishat)x7OE(Badsha), 3/1RHT
",Dark Indigo#6,H&F,,,,,,20/03/2025,506,2503253,120Y,"C:65.2''
F:66.5''",42,16.0cm,12.0cm,50,8,14.0cm,"C:66.''
F:66.6''",1.40%,1.40%,-2.20%,0.00%,64.5'',49,Singeing + Dryer(5box60°C)+Sanforized,
X25049,,Regular Finish,"3906X42
7ring(Nishat)+7rsl(Q-476)(Nishat),7:3 X 8oe(Badsha)+10-70D(Nishat) 1:1, 3/1RHT",Black#9S,Jennyfer,,,,,,21/03/2025,201,2503254,140Y,"C:61.2''
F:62.2''",42,15.5cm,12.5cm,49,7,12.0cm,"C:60.5''
F:61.5''",-1.46%,1.50%,-12.30%,0.00%,53.0'',49,Singeing + Dryer(5box50°C)+Sanforized,
X25050,,Regular Finish,"3888X39
7ring(Badsha)X7oe(Badsha), 3/1RHT",Indigo#5,Lefties/ Jeans Manufacturing,,,,,,19/03/2025,513,2502170,50Y,"C:63.7''
F:64.5''",39,16.5cm,13.0cm,46,7,14.5cm,"C:63.6''
F:64.4''",-0.28%,1.13%,0.90%,0.00%,63.0'',46,Singeing + Dryer(5box60°C)+Sanforized,
X25051-1,,Regular Finish," 4468X50
8ring(Nishat) X 200-40D(Recycle Poly)Hangzhou, 3/1RHT",Dark Indigo#6C,C&A,,,,,,22/03/2025,105,2503233,75Y,"C:61''
F:62''",50,15.0cm,11.0cm,59,9,10.5cm,"C:58.8''
F:60''",0.43%,-1.02%,-9.86%,2.00%,53.0'',57,Singeing + Dryer(5box50°C)+Sanforized,
X25052,RNS105-08R6,Regular Finish,"4896X50
10rsl(YT-199)X12-40D N.S(Nishat), 3/1RHT",Dark Indigo#6,Natural Indigo,,,,,,22/03/2025,219,2503255,150Y,"C:58''
F:59''",50,13.0cm,10.0cm,59,9,10.0cm,"C:57.5''
F:58.5''",-1.52%,0.61%,-12.20%,0.00%,47.6'',59,Singeing + Dryer(5box50°C)+Sanforized,
X25053,,Heat Setting,,,,,,,,,20/03/2025,308,2503246,70Y,"C:62.7''
F:63.8''",42,15.5cm,12.0cm,51,9,12.0cm,"C:62.6''
F:63.6''",-0.10%,1.50%,18.20%,1.00%,51.2'',50,5Box ( 60°C),
X25054,,Regular,"4464X41
8rnX7oe(Badsha), 3/1RHT",Black#9L,MKT,,,,,,22/04/2025,203,2504324,93Y,"C:64.8''
F:65.8''",41,15.5cm,12.0cm,48,7,13.0cm,"C:65''
F:66''",0.14%,0.00%,-1.38%,0.00%,64.1'',48,Singeing + Dryer(5box60°C)+Sanforized,
X25054,,Regular,"4176X41
8ring(Nishat) X 7oe(Badsha), 3/1RHT",Black#9L,Jennyfer,,,,,,20/03/2025,510,2501052,100Y,"C:60.7''
F:61.5''",41,14.0cm,11.0cm,49,8,12.0cm,"C:60.8''
F:61.6''",3.20%,0.00%,1.30%,0.00%,60.0'',49,Singeing + Dryer(5box60°C)+Sanforized,
X25055,,Regular,"4200X41
8rn(Badsha) X 7oe(Badsha), 3/1RHT",Indigo#5,MKT,,,,,,22/04/2025,301,2503197,180Y,"C:61.5''
F:62.5''",41,14.0cm,11.0cm,49,8,12.0cm,"C:61.1''
F:62.6''",1.12%,-0.28%,-1.29%,1.00%,60.8'',48,Singeing + Dryer(5box60°C)+Sanforized,
X25055,,Regular Finish,"4200X41
8rn(Badsha) X 7oe(Badsha), 3/1RHT",Indigo#5,Jennyfer,,,,,,20/03/2025,107,2503197,82Y,"C:61.5''
F:62.4''",41,15.5cm,12.0cm,49,8,12.0cm,"C:61.4''
F:62''",1.90%,-1.10%,-1.30%,-0.50%,60.6'',49,Singeing + Dryer(5box60°C)+Sanforized,
X25056,,Reguler Finish,"4468x40
8rnX12-40D(Texhong), 3/1RHT",Dark Indigo#6C,MKT,,,,,,04/05/2025,106,2504338,130Y,"C:63.5''
F:64.5""",40,18.0cm,12.0cm,47,7,10.0cm,"C:615''
F:62.6''",0.30%,-2.70%,-14.14%,0.00%,52.8'',47,Singeing + Dryer(5box60°C)+Sanforized,
X25056,,Regular,"4468x40
8ring X 12-40D T/Raw, 3/1RHT",Dark Indigo#6C,C&A,,,,,,17/04/2025,105,2504303,180Y,"C:64''
F:65.1''",40,17.5cm,10.0cm,47,7,10.0cm,"C:61.8''
F:62.8''",-0.90%,3.50%,-13.70%,-2.00%,53.3'',49,Singeing + Dryer(5box60°C)+Sanforized,
X25057,,Regular,,,,,,,,,23/04/2025,308,2504321,155Y,"C:61.7''
F:62.7''",40,14.5cm,10.0cm,47,7,11.5cm,"C:61.7''
F:62.7''",-0.46%,184.00%,-14.70%,0.00%,52.6'',47,Singeing + Dryer(5box60°C)+Sanforized,
X25058,,Regular,,,,,,,,,17/04/2025,106,2503272,58Y,"C:64''
F:65.3''",40,14.0cm,11.5cm,47,7,10.5cm,"C:61.8''
F:63''",-1.50%,1.50%,-12.20%,-1.00%,54.2'',48,Singeing + Dryer(5box60°C)+Sanforized,
X25059,,Regular,,,,,,,,,11/04/2025,106,2503272,60Y,"C:63.8''
F:65''",40,17.0cm,11.0cm,47,7,11.0cm,"C:61.8''
F:63''",-0.10%,0.40%,-12.60%,-1.00%,54'',48,Singeing + Dryer(5box60°C)+Sanforized,
X25059,,Regular,"4468x40
8oe(Badsha)X12-40 T/Black, Xuzhou, 3/1RHT",Black #9L,SF Denim ,61''--62'',,#  -(10--14)%,10.5 oz,,09/08/2025,221,2508690,124Y,"C:63.8''
F:64.8''",40,17.0cm,12.5cm,47,7,11.5cm,"C:61.5''
F:62.5''",-1.20%,-1.20%,-11.30%,-0.60%,54.5'',47,Singeing?Dryer(5box 60°C)?Sanforized,
X25062-1,,Regular Finish,"5508X51
16-40D N.S(Nishat) X 16-70D(Polyester/black Lycra, changzhou), 3/1RHT",Black #9S,Self Development,,,,,,18/04/2025,120,2404300,100Y,"C:54.8''
F:55.8''",51,11.0cm,8.0cm,60,9,8.0cm,"C:53''
F:54''",1.28%,0.63%,-5.28%,-15.20%,50.2'',69,Singeing?Heat Setting ? Dryer(1box50°C)?Sanforized,
X25062-2,,Regular,,,,,,,,,17/04/2025,120,2503004,100Y,"C:
F:",51,0.0cm,5.0cm,61,10,7.0cm,"C:51.8''
F:53''",3.47%,1.47%,-10.23%,-17.50%,46.5'',76,Singeing + Dryer(5box60°C)+Sanforized(1st time),
X25065,,Regular,"4200X45
7OE X 12-40D(T/Raw), 3/1RHT",Indigo#5,Taiwan,,,,,,17/04/2025,301,2504237,78Y,"C:61''
F:61.8''",45,17.5cm,11.0cm,53,8,13.0cm,"C:59.5''
F:60''",0.20%,4.80%,-8.20%,0.00%,54.6'',53,Singeing + Dryer(5box60°C)+Sanforized,
X25066,,Regular Finish,"4464X53
10siro(Badsha)X16-70D T/Raw(Changzhou), 3/1RHT",Dark Indigo#6,Sainsbury,,,,,,20/04/2025,106,2504309,103Y,"C:57''
F58''",53,14.0cm,10.0cm,62,9,9.0cm,"C:53''
F:54''",-2.50%,1.52%,16.90%,0.00%,44.0'',62,Singeing + Dryer(5box60°C)+Sanforized,
X25069,SR085-01R6,Regular,"4488x42
10siro(Badsha) X 12ring(Nishat), 3/1RHT",Dark Indigo,C&A / test purpose,,,,,,18/04/2025,106,2504369,90Y,"C:62.4''
F:63.5''",42,15.0cm,13.0cm,49,7,14.0cm,"C:63''
F:64''",-0.70%,-0.70%,0.79%,1.00%,63.5'',48,Singeing + Dryer(5box60°C)+Sanforized,
X25071,,Regular Finish,"4200x45
7oeX16-70D Poly viscose Raw T/Raw, Xuzhou, 3/1RHT",Indigo#5,Taiwan,,,,,,21/04/2025,404,254314,70Y,"C:57''
F:58''",45,15.5cm,11.0cm,53,8,11.5cm,"C:54.8''
F:55.8''",-0.78%,2.03%,-18.70%,-1.70%,44.5'',54,Singeing + Dryer(5box60°C)+Sanforized,
X25073,,Reguler Finish,"4464X39
8ring(Nishat)X8oe(Badsha), 3/1RHT",Grey#3B,Tusuka Group,,,,,,27/04/2025,618,2504339,103Y,"C:65""
F:65.8""",39,14.0cm,10.0cm,47,8,14.0cm,"C:64.8''
F:65.8""",1.84%,2.80%,-1.25%,1.00%,64.0'',46,Singeing + Dryer(5box60°C)+Sanforized,
X25074,,Regular,"4464X39
8ring X 8oe(Badsha), 3/1RHT",Indigo#5,Tusuka Group,,,,,,24/04/2025,107,2504319,100Y,"C:65''
F:65.8''",39,16.0cm,14.0cm,47,8,14.5cm,"C:65.4''
F:66.4''",-0.42%,0.28%,-1.22%,0.00%,64.6'',46,Singeing + Dryer(5box60°C)+Sanforized,
X25075,,Regular,"4200x45
7oe X 16-40D T/Raw (poly Viscose Raw, Hangzhou) + 16-70D T/Raw(Poly viscose raw, Hangzhou) 1:1, 3/1RHT",Indigo#5,Taiwan,,,,,,23/04/2025,320,2504314,60Y,"C:58.8''
F:59''",45,15.5cm,10.5cm,54,9,12.5cm,"C:56.6''
F:57.6''",0.45%,1.52%,16.40%,0.00%,47.5'',54,Singeing + Dryer(5box60°C)+Sanforized,
X25076-1,,Regular Finish,"4468x40
8oe(Badsha)X12-40 (T/Black, Xuzhou)+12-70D (T/Raw,Envoy)(2:1) 3/1RHT",Dark Indigo#6C,C&A,,,,,,18/05/2025,121,2503272,120Y,"C:62.7''
F:63.7''",40,16.0cm,11.5cm,47,7,11.5cm,"C:60.5''
F:61.5''",1.38%,0.00%,15.70%,-1.00%,51.0'',48,Singeing + Dryer(5box60°C)+Sanforized,
X25076-2,,Regular Finish,"4468x40
8oe(Badsha)X12-40 (T/Black, Xuzhou)+12-70D (T/Raw,Envoy)(1:1) 3/1RHT",Dark Indigo#6C,C&A,,,,,,,,,,,,,,,0,,,,,,,,,Singeing + Dryer(5box60°C)+Sanforized,
X25077-1,,Reguler Finish,"4200X48
7oe X 16-40D (T.R/Raw)Changzhou+16-70D(T.R/Raw)Xuzhou, 1:2, 3/1RHT",Indigo#5,Taiwan,,,,,,24/04/2025,320,2504314,80Y,"C:58.2""
F:59.2''",48,14.5cm,11.0cm,57,9,12.0cm,"C:55.8''
F:56.8''",2.70%,0.76%,-16.10%,0.00%,46.8'',57,Singeing + Dryer(5box60°C)+Sanforized,
X25077-2,,Reguler Finish,"4200X48
7oe X 16-40D (T.R/Raw)Changzhou+16-70D(T.R/Raw)Xuzhou, 1:3, 3/1RHT",Indigo#5,Taiwan,,,,,,25/04/2025,320,2504314,,"C:57""
F:58""",48,14.5cm,9.5cm,57,9,11.0cm,"C:55.6''
F:56.4""",2.31%,0.46%,16.70%,1.80%,46.3'',58,Singeing + Dryer(5box60°C)+Sanforized,
X25078,,Reguler Finish,,,,,,,,,28/05/2020,210,2504347,100Y,"C:60''
F:61''",42,15.0cm,11.0cm,50,8,12.5cm,"C:59.2''
F:60.2''",1.54%,-0.40%,-20.20%,0.00%,47.2'',50,Singeing + Dryer(5box60°C)+Sanforized,
X25079,,Regular,"4464x44
10rls(Nishat)X12-70D T/Raw, 3/1RHT",Blue Black#8D,Test Sample,,,,,,24/04/2025,Issue date,,,,,,,,0,,,,,,,,,Singeing?Dryer(5box 60°C)?Sanforized ,
X25080-2,,Regular Finish,"4468x40
8ring(Nishat)X12-40D(T/Raw)(Texhang)+12-70D(T/Raw)Envoy, 4:1, 3/1RHT",Dark Indigo#6C,C&A,,,,,,30/05/2025,223,2505425,205Y,"C:63''
F:64''",40,16.0cm,9.0cm,46,6,10.0cm,"C:60.4''
F:61.2''",0.90%,4.20%,16.30%,3.50%,50.5'',47,Singeing + Dryer(5box60°C)+Sanforized,
X25080-2,,Regular Finish,"4468x40
8ring(Nishat)X12-40D(T/Raw)Texhong+12-70D T/Raw(Envoy), 4:1, 3/1RHT",Dark Indigo#6C,C&A,,,,,,25/05/2025,618,2505437,122Y,"C:63.5''
F:64.5''",40,16.5cm,10.0cm,47,7,10.0cm,"C:60.6''
F:61.6''",0.76%,0.61%,-15.80%,-1.00%,51.0'',48,Singeing + Dryer(5box60°C)+Sanforized,
X25080-2,,Reguler Finish,"4468x40
8ringX12-40D T/Raw(Texhong) + 12-70D T/Raw (Envoy), (4:1), 3/1RHT",Dark Indigo#6C,MKT,,,,,,04/05/2025,408,2504338,120Y,"C:62.5''
F:63.5""",40,17.0cm,11.5cm,47,7,10.0cm,"C:60''
F:61.1''",0.30%,-2.30%,-15.50%,-1.40%,50.7'',47,Singeing + Dryer(5box60°C)+Sanforized,
X25081,,Reguler Finish,"4692x44
12ring(Nishat)X12ring(Nishat)",Black#9S,SF Denim / C&A,,,,,,02/05/2025,301,2504356,100Y,"C:59.5''
F:60.1""",44,10.0cm,10.0cm,51,7,11.5cm,"C:60.2''
F:60.9''",3.50%,0.28%,-0.30%,0.00%,60.0'',51,Singeing + Dryer(5box60°C)+Sanforized,
X25083,,Regular,"4752x42
8siro(nishat)X10Tencel, 3/1RHT",Indiog#5,Sainsbury-Ladies,,,,,,,,,05Y,,,,,,0,,,,,,,,,Singeing?Dryer(5box 60°C)?Sanforized ,
X25084,,Regular,"4752x41
7.5ring Low TM 3.8(Nishat) X 10 Tencel, 3/1RHT",indigo#5,Sainsbury-Laides,,,,,,27/04/2025,Issue date,,05Y,,,,,,0,,,,,,,,,,
X25085,,Reguler Finish,"4464X37
7oeX8oe(Badsha), 3/1RHT",Indigo#5,MKT,,,,,,04/05/2025,606,2504365,80Y,"C:65.5''
F:66.4""",37,17.0cm,14.0cm,44,7,13.5cm,"C:65.6''
F:66.4''",1.42%,0.28%,-2.28%,0.00%,64.0'',44,Singeing + Dryer(5box60°C)+Sanforized,
X25087-1,,Regular,"4464x40
8ring(nishat) X 12-40D T/Raw (Texhong) + 12-70D T/Raw (Envoy) (4:1),3/1RHT",Dark Indigo#,C&A,,,,,,29/04/2025,Issue date,,02Y,,,,,,0,,,,,,,,,,
X25087-2,,Regular,"4464x40
8ring(nishat) X 12-40D T/Raw (Texhong) + 12-70D T/Raw (Envoy) (5:1),3/1RHT",Dark Indigo#,C&A,,,,,,29/04/2025,Issue date,,02Y,,,,,,0,,,,,,,,,,
X25088,PR095-03L5(#9S),Reguler Finish,"4752x40
10OE X 10rn(Nishat, BCI), 3/1RHT",Black #9S,C&A/ Test purpose,,,,,,02/05/2025,107,2504320,30Y,"C:60.7""'
F:61.4''",40,17.5cm,15cm,48,8,14.0cm,"C:60.7''
F:61.4'",1.40%,-0.28%,-1.97%,1.00%,59.5'',47,Singeing + Dryer(5box60°C)+Sanforized,
X25089,PR095-05L5,Reguler Finish,"4752X40
10OE BTL x 10rn(Physical BCI, Nishat), 3/1LHT",Indigo£5,C&A / test purpose,,,,,,06/05/2025,301,2505374,64Y,"C:60.3""'
F:61.2'",40,14.0cm,13.0cm,46,6,13.5cm,"C:61''
F:61.8'",0.72%,-2.00%,-1.80%,-2.00%,59.9'',46,Singeing + Dryer(5box60°C)+Sanforized,
X25090,,Reguler Finish,,,,,,,,,06/05/2025,406,2502170,30Y,"C:62""'
F:63''",47,16.5cm,13.0cm,56,9,15.5cm,"C:62.2''
F:62.8'",2.00%,1.15%,-4.82%,1.00%,59.2'',55,Singeing + Dryer(1Box 50°C)+Sanforized,
X25091,,Reguler Finish,,,,,,,,,06/05/2025,406,2502170,60Y,"C:62""'
F:63''",47,16.0cm,12.5cm,55,8,15.5cm,"C:62.2''
F:62.8'",1.44%,1.73%,-4.18%,-0.50%,59.6'',55,Singeing + Dryer(1Box 50°C)+Sanforized,
X25092-1,,Regular Finish(1st Time),,,,,,,,,18/05/2025,319,2505388,70Y,"C:55.5''
F:55.7''",51,16.0cm,11.0cm,64,13,8.5cm,"C:54.7''
F:56''",-0.65%,-0.32%,-15.50%,-10.80%,46.2'',71,Singeing + Dryer(5box60°C)+Sanforized,
X25092-2,,Regular Finish(2nd Time),,,,,,,,,18/05/2025,319,2505388,70Y,"C:55.5''
F:56.7''",51,11.0cm,9.0cm,71,20,9.5cm,"C:54.5''
F:56''",0.00%,0.30%,-14.50%,-0.50%,46.6'',71,Singeing + Dryer(5box60°C)+Sanforized,
X25092-3,,Regular Finish,,,,,,,,,23/05/2025,218,2505388,66Y,"C:54.5''
F:55.8''",62,12.0cm,9.0cm,68,6,9.0cm,"C:54.2''
F:55.6''",-0.77%,0.62%,14.02%,4.60%,46.6'',71,Singeing + Dryer(5box60°C)+Sanforized,
X25093,,Reguler Finish,"4176X43
7oe(Badsha)X10-70D(Nishat), 3/1RHT",Indigo#5,ECO Sourcing,,,,,,08/05/2025,303,2504365,65Y,"C:60""
F:61''",43,16.0cm,13.0cm,49,6,12.0cm,"C:59''
F:60''",-3.70%,2.80%,-18.30%,-1.70%,48.2'',50,Singeing + Dryer(5box60°C)+Sanforized,
X25094,,Regular Finish,"4320X39
8ringX7oe(Badsha), 3/1RHT",Indigo#5,FCO Sourching,,,,,,13/05/2025,415,2505389,69Y,"C:65.5''
F:66.2''",39,10.5cm,12.5cm,45,6,13.5cm,"C:65.6''
F:66.4''",0.00%,1.85%,-1.60%,-1.40%,64.9'',46,Singeing + Dryer(5box60°C)+Sanforized(Old),
X25095,,Regular Finish,"4347X39
8ringX7oe(Badsha), 3/1RHT",Indigo#5,ECO Sourcing,,,,,,13/05/2025,415,2505389,84Y,"C:65.2''
F:66.2''",39,16.0cm,12.0cm,46,7,13.0cm,"C:65.4''
F:66.4''",1.99%,-0.70%,-1.20%,0.00%,64.6'',46,Singeing + Dryer(5box60°C)+Sanforized,
X25096,,Heat Setting,,,,,,,,,22/06/2025,609,2505405,200Y,"C:62''
F:63.3''",43,17.5cm,12.0cm,50,7,10.5cm,"C:61.6''
F:62.6''",0.00%,1.00%,13.30%,0.50%,53.4'',50,Singeing + H/S+ Dryer(5Box 60°C)+ Sanfo,
"X25096 H.S copy in 6C
X25147",,Heat Setting,,,,,,,,,25/06/2025,616,2506530,100Y,"C:62''
F:63''",43,16.0cm,12.0cm,51,8,12.0cm,"C:61.5''
F:62.5''",-1.78%,0.44%,13.00%,1.00%,53.5'',50,Singeing + Heat Setting+ Dryer(5Box 60°C) + Sanforized,
X25097,,Regular Finish,"4752x40
10oeX10oe+10rls, 3/1LHT",Indigo#5,IDS,,,,,,12/05/2025,223,2505374,77Y,"C:63.5''
F:64.3''",40,13.0cm,11.5cm,47,7,13.0cm,"C:63.5''
F:64.3''",-0.56%,-3.50%,-1.73%,0.00%,62.4'',47,Singeing + Dryer(5box60°C)+Sanforized,
X25098,,Reguler Finish,"4750x41
12ring+12rls(8:1) X 6oe(Badsha), 3/1RHT",Indiog#5,Echotex ltd,,,,,,09/05/2025,603,2502106,20Y,"C:62""
F:63.4''",41,17.5cm,14.0cm,48,7,10.0cm,"C:62.4''
F:63.1''",-4.20%,-1.70%,-0.90%,-1.00%,61.8'',49,Singeing + Dryer(5box60°C)+Sanforized,
X25099,,Regular Finish,"4600x45
7oe(Badsha)+10OE(Badsha), (3:7) X 10OE(Badsha), 2/1RHT",Dark Inidigo#6,Just James,,,,,,16/05/2025,508,2505390,97Y,"C:61''
F:62''",45,10.5cm,7.5cm,52,7,7.5cm,"C:61.2''
F:62''",0.15%,0.00%,-1.63%,1.00%,60.2'',51,Singeing + Dryer(5box60°C)+Sanforized,
X25100,,Regular Finish,"4600x44
7oe(Badsha)+10oe(Badsha), 3:7 X 450D(Hangzhou), 2/1 RHT",Dark Indigo#6,Just James,,,,,,16/05/2025,508,2505390,100Y,"C:61''
F:62''",44,10.0cm,7.0cm,51,7,9.5cm,"C:59.5''
F:60.4''",2.15%,1.50%,-1.35%,-0.50%,58.7'',51,Singeing + Dryer(5box60°C)+Sanforized,
X25101,,RFD,"4400x50
7oe(Badsha)+9oe(Badsha), (1:2) X 10-70D(Nishat)+10OE(Badsha),(1:1),3/1RHT",RFD#11,Natural Indigo#11,,,,,,17/05/2025,320,2505402,100Y,"C:58.8''
F:59.8''",50,12.0cm,9.0cm,56,6,11.0cm,"C:58.7''
F:59.7''",0.44%,3.20%,-8.30%,-1.00%,53.8'',57,"Singeing + Dryer(Old, 1Box cold water)+Sanforized(Old)",
X25102,STS095-04R5,Regular Finish,"4590x43
10OEx16-40D(Nishat)+16-70D(Sunray), (1:1), 2/1RHT",Indigo#5,Echotex,,,,,,18/05/2025,209,2505374,107Y,"C:57.8''
F:58.8''",43,9.5cm,7.0cm,50,7,7.5cm,"C:56.5''
F:57.5''",2.03%,-0.78%,20.18%,0.00%,45.1'',50,Singeing + Dryer(5box60°C)+Sanforized,
X25103,STS095-04R5,Regular Finish,"4590X43
10OE(Badsha) x 16-40D(N.S, Nishat)+16-70D(Sunray), (1:1), 2/1RHT",Ecru(#01),Echotex,,,,,,18/05/2025,209,2505385,92Y,"C:60''
F:61''",43,6.0cm,2.5cm,51,8,7.0cm,"C:58.5''
F:59.5''",4.15%,5.09%,24.10%,-0.50%,44.4'',51,Singeing + Dryer(5box60°C)+Sanforized,
X25104-1,PR137-01R5,Regular Finish,"4469x39
7ring(Indigo 21, white 5)badsha X 6OE(Badsha), 3/1RHT",Indigo#5,A&A-Zara Men,,,,,,20/05/2025,405,2505421,60Y,"C:66.5''
F:67.4''",39,17.5cm,13.5cm,47,8,14.0cm,"C:66.5''
F:67.2''",-1.42%,2.28%,-2.20%,-0.50%,65.0'',47,Singeing + Dryer(5box60°C)+Sanforized,
X25104-2,PR137-01R5,Regular Finish,"4469x39
7ring(Indigo 21, white 5)badsha X 6ring(Nishat), 3/1RHT",Indigo#5,A&A-Zara Men,,,,,,20/05/2025,405,2505421,60Y,"C:65.5''
F:66.5''",39,17.5cm,13.5cm,46,7,17.0cm,"C:66''
F:66.7''",0.00%,4.60%,3.03%,-1.00%,64.0'',47,Singeing + Dryer(5box60°C)+Sanforized,
X25105,,Regular Finish(Mr.Lee),,,,,,,,,21/05/2025,208,2505434,70Y,"C:61.5''
F:62''",46,16.0cm,13.0cm,51,5,11.0cm,"C:60.6''
F:61.1''",-0.60%,0.00%,-12.50%,-2.70%,53.0'',52,Singeing + Dryer(5box60°C)+Sanforized,
X25106,,Regular Finish(Mr.Lee),,,,,,,,,22/05/2025,204,2505434,85Y,"C:63.5''
F:64.3''",42,16.5cm,14.0cm,48,6,14.0cm,"C:63.5''
F:64.3''",2.06%,0.89%,7.24%,-2.50%,58.9'',49,Singeing + Dryer(5box60°C)+Sanforized,
X25109,,Regular Finish,"3888x35
7ring(Nishat)X6oe(Badsha), 3/1RHT",Black #9S,Pull&Bear/Natural Indigo,,,,,,20/05/2025,208,2503203,73Y,"C:64.7''
F:65.6''",55,15.0cm,11.5cm,42,-13,13.5cm,"C:65''
F:65.8''",0.57%,1.43%,-1.50%,-1.00%,64.0'',43,Singeing + Dryer(5box60°C)+Sanforized,
X25110,,Regular Finish,"5184x60
12rsl(Nishat) X 20rsl(nishat), 3/1RHT",Indigo#5,Zara Kids/ Natural Denim,,,,,,19/05/2025,123,2505424,70Y,"C:62.2''
F:63''",60,14.0cm,13.0cm,69,9,14.5cm,"C:63''
F:63.7''",3.60%,0.00%,0.95%,1.00%,62.5'',68,Singeing + Dryer(5box60°C)+Sanforized,
X25111,,Regular Finish,"4752x43
10rls(Nishat)X10ring(Badsha), 3/1RHT",Dark Indigo#6,Zara Kids/ Natural Denim,,,,,,19/05/2025,208,24111079,70Y,"C:63.8''
F:64.7''",43,15.5cm,11.0cm,49,6,14.0cm,"C:64.5''
F:65.3''",2.70%,1.71%,-1.24%,-1.00%,63.7'',50,Singeing + Dryer(5box60°C)+Sanforized,
X25111-2,,Regular Finish,"4752x43
10rls(Nishat)X12ring(Badsha), 3/1RHT",Dark Indigo#6,Zara Kids/ Natural Denim,,,,,,20/05/2025,123,24111079,28Y,"C:62.5''
F:63.7''",43,16.5cm,14.0cm,50,7,14.5cm,"C:63.2''
F:64''",0.00%,-1.84%,-0.31%,0.00%,63.0'',63,Singeing + Dryer(5box60°C)+Sanforized,
X25111-2,,Regular Finish,"4752x43
10rls(Nishat)X12ring(Badsha), 3/1RHT",Dark Indigo#6,Zara Kids/ Natural Denim,,,,,,21/05/2025,123,24111079,70Y,"C:62.8''
F:63.8''",43,13.0cm,13.0cm,50,7,13.0cm,"C:63.5''
F:64.4''",-0.71%,-0.42%,0.15%,-1.00%,63.4'',51,Singeing + Dryer(5box60°C)+Sanforized,
X25112,,Regular Finish,"5184x60
12rsl(Nishat) X 20ring(nishat, compact)",Indigo#,Zara Kids/ Natural Denim,,,,,,20/05/2025,123,2505424,50Y,"C:62.5''
F:63.5''",60,14.5cm,11.0cm,69,9,12.5cm,"C:63''
F:63.8''",3.00%,-0.98%,-1.26%,1.00%,62.2'',68,Singeing + Dryer(5box60°C)+Sanforized,
X25113,,Regular Finish,"4468x40
8ring(Nishat)X12-40D(T/Black)(Zuzbou)+12-70D(T/Black), 4:1, 3/1RHT",Black#9S,C&A,,,,,,21/05/2025,117,2505413,120Y,"C:63.7''
F:64.6''",40,17.0cm,11.0cm,46,6,11.0cm,"C:60.8''
F:61.6''",-0.92%,2.70%,16.10%,-1.00%,51.0'',47,Singeing + Dryer(5box60°C)+Sanforized,
X25115,,Regular Finish,"4468x40
8ring(Nishat)X12-40D(T/Raw)(Texhang)+12-70D(T/Raw)Envoy, 4:1, 3/1RHT",Black#9S,C&A,,,,,,23/05/2025,308,2505413,120Y,"C:63''
F:64''",40,16.5cm,11.5cm,47,7,11.5cm,"C:60.4''
F:61.4''",-1.06%,-0.61%,16.30%,0.00%,50.5'',47,Singeing + Dryer(5box60°C)+Sanforized,
X25116-1,,Regular Finish,"4464x45
7rsl(Nishat)+7oe(Badsha), 3:7 X 10oe(Badsha), 3/1RHT ",Blue Black#8C,Mango-Windy Group,,,,,,27/05/2025,617,2505455,122Y,"C:65.1''
F:65.8''",45,16.0cm,14.5cm,52,7,16.0cm,"C:65.1''
F:65.8''",1.55%,2.83%,16.00%,1.00%,64.0'',51,Singeing + Dryer(5box60°C)+Sanforized,
X25116-2,,Regular Finish,"4464x45
7rsl(Nishat)+7oe(Badsha), 3:7 X 9oe(Badsha), 3/1RHT ",Blue Black#8C,Mango-Windy Group,,,,,,27/05/2025,,,,"C:65.5''
F:66''",45,,14.5cm,53,8,16.0cm,"C:65.5''
F:66''",1.84%,2.26%,2.70%,1.00%,63.7'',52,Singeing + Dryer(5box60°C)+Sanforized,
X25117-1,,Regular Finish,"4600x44
7oe(Badsha)+10oe(Badsha), 3:7 X 450D(Hangzhou), 2/1 RHT",Black#9S,Just James/ Hers.Fielder,,,,,,01/06/2025,508,2505463,,"C:60.2''
F:60.8''",44,10.5cm,7.5cm,52,8,10.0cm,"C:60.2''
F:60.8''",1.80%,2.40%,1.90%,1.00%,59.0'',51,Singeing + Dryer(5box60°C)+Sanforized,
X25117-2,,Regular Finish,"4600x48
7oe(Badsha)+10oe(Badsha), 3:7 X 300D(Hangzhou), 2/1 RHT",Black#9S,Just James/ Hers.Fielder,,,,,,01/06/2025,508,2505463,148Y,"C:59''
F:59.7''",48,10.5cm,7.5cm,55,7,9.5cm,"C:59''
F:59.7''",1.98%,1.27%,2.03%,1.00%,57.8'',54,Singeing + Dryer(5box60°C)+Sanforized,
X25118,,Regular Finish,"4600x44
7oe(Badsha)+10OE(Basha)X45OD(Hangzhou) ,2/1RHT",Grey#03,Just James/Hers.Fielder,,,,,,01/06/2025,508,2505465,100Y,"C:60.5''
F:61.5''",44,10.0cm,6.5cm,52,8,9.5cm,"C:59.8''
F:60.5''",2.60%,0.00%,2.00%,0.00%,58.6'',52,Singeing + Dryer(5box60°C)+Sanforized,
X25119-1,,Regular Finish,,,,,,,,,06/05/2025,508,2505472,160Y,"C:60.5''
F:61.5''",44,10.0cm,7.5cm,52,8,9.0cm,"C:59.8''
F:60.4''",1.98%,1.00%,2.00%,1.00%,58.6'',51,Singeing + Dryer(5box60°C)+Sanforized,
X25119-2,,Regular Finish,,,,,,,,,02/05/2025,,2505472,,"C:59.5''
F:60.5''",48,10.0cm,8.0cm,55,7,10.0cm,"C:58.8''
F:59.6''",1.84%,1.00%,1.80%,1.00%,57.7'',55,Singeing + Dryer(5box60°C)+Sanforized,
X25120,,Regular Finish,"4176x38
10rsl(Nishat)X12(75D-T400)-70D (Lycra, Slub), 3/1RHT",Blue Black#9C,Natural Denim(Zara),,,,,,31/05/2025,509,2501065,44Y,"C:51.5''
F:52.5''",38,,,43,5,,"C:51.5''
F:52.5''",,,,,,,Singeing + Dryer(5box85°C)+Sanforized,
X25121,,Padding,,,,,,,,,21/06/2025,609,2506492,122Y,"C:61.2''
F:62.2''",43,14.5cm,13.5cm,51,8,10.0cm,"C:61''
F:62''",-2.80%,0.10%,11.40%,0.00%,54.0'',51,Singeing + H/S + Dryer(padding 140 GPL) + Sanfo,
"X25123(Copy)
X25131",,Regular Finish,,,,,,,,,20/06/2025,309,2506498,62Y,"C:59''
F:60''",50,13.0cm,12.0cm,58,8,11.0cm,"C:58''
F:58.8''",-2.60%,-0.93%,17.90%,1.00%,47.6'',59,Singeing+Dryer(5Box60°C)+Sanforized,
"X25123(Copy)
X25131",,Regular Finish,,,,,,,,,17/06/2025,219,2506498,62Y,"C:60.7''
F:61.5''",50,15.0cm,11.0cm,59,9,10.0cm,"C:59''
F:59.8''",-0.46%,0.00%,18.40%,0.00%,48.1'',59,Singeing + Dryer(5box 60°C) + Sanforized,
X25125,RN065-09R5(X24170-2),Regular Finish,"4896x48
16RN(Nishat)+16RSL(Nishat)x16RN(Nishat)+16OE(Milon, Ginni), 1:1, 3/1 RHT
 ",Black#9S,Park Star(Moom Group),,,,,,20/06/2025,321,2506502,152Y,"C:57.5''
F:58.5''",48,12.0cm,12.0cm,55,7,13.0cm,"C:58.8''
F:59.4",3.80%,0.56%,0.30%,1.70%,59.0'',55,Singeing+Dryer(5Box60°C)+Sanforized,
X25125,,Regular,"4896x48
16RN(Nishat)+16RSL(Nishat)x16RN(Nishat)+16OE(Ginni), 1:1, 3/1 RHT
 ",Black#9S,Park Star(Moom Group),58''--59'',, # +/- (3--4)%,6.60 oz,,07/08/2025,110,2506502,175Y,"C:58''
F:59''",48,13.0cm,12.0cm,55,7,12.0cm,"C:59''
F:59.7''",0.28%,-0.40%,-0.30%,0.00%,58.8'',55,Singeing?Dryer(5box 60°C)?Sanforized,
X25126,PRPS110-02R5,Regular Finish,"4176x44
7oeX16-40D T/Raw (Xuzhou , Spandex), 3/1RHT",Grey#03,C&A,,,,,,16/06/2025,515,2505470,395Y,"C:62''
F:63''",44,16.0cm,13.0cm,52,8,14.0cm,"C:60.5''
F:61.2''",1.13%,-1.00%,12.30%,-1.00%,53.0'',53,Singeing + Dryer(5box60°C)+Sanforized,
X25127,,Heat Setting,"3906x43
7oe Low TM(Salek)X12-40D(Nishat)",Dark Indigo#06,Trimer Wear,,,,,,22/06/2025,609,2506505,120Y,"C:62''
F:63''",43,17.0cm,13.0cm,50,7,11.0cm,"C:61.8''
F:62.8",-1.90%,0.40%,13.50%,0.50%,53.4'',50,Singeing + H/S + Dryer(5box 60°C)+ Sanforized,
X25128,,Padding,,,,,,,,,21/06/2025,219,2506508,120Y,"C:64''
F:64.8''",46,16.0cm,12.0cm,53,7,12.0cm,"C:64''
F:65''",-0.70%,0.00%,0.00%,0.00%,64.0'',53,Singeing + Dryer(padding 140 GPL) + Sanforized,
X25129,PRS110-04R5,Regular Finish,"4160x40
7ring(Badsha)X12-70D N.S(Nishat), 3/1RHT",Indigo #5,MKT,,,,,,20/06/2025,303,2505434,87Y,"C:59''
F:60''",40,14.0cm,10.0cm,46,6,11.5cm,"C:57.6''
F:58.5''",1.45%,2.50%,21.80%,3.00%,45.0'',48,Singeing+Dryer(5Box60°C)+Sanforized,
X25130(Taiwan),,Regular Finish,,,,,,,,,20/06/2025,209,2503183,45Y,"C:62.8''
F:63''",48,12.0cm,9.0cm,55,7,9.5cm,"C:59.6''
F:60.4''",0.43%,0.44%,5.00%,1.00%,56.5'',56,Singeing+Dryer(5Box60°C)+Sanforized,
X25132,,Regular Finish,"4176x40
7ring(Badsha)x7oe(Badsha), 3/1RHT",Grey#03,Natural Indigo/Pull &Bear,,,,,,23/06/2025,304,2506521,120Y,"C:64.8''
F:65.8''",40,15.5cm,13.0cm,48,8,15.0cm,"C:64.8''
F:65.4''",1.90%,1.80%,2.00%,0.00%,63.3'',48,Singeing?Dryer(5box 60°C)?Sanforized,
X25133,,Natural,"4176x40
7ring(Badsha)x7oe(Badsha), 3/1RHT",Natural #01,Natural Indigo/Pull &Bear,,,,,,27/06/2025,408,2506532,125Y,"C:65.5''
F:66.5'",40,16.0cm,14.0cm,48,8,14.0cm,"C:65.8''
F:66.8'",1.85%,-0.85%,3.02%,0.00%,63.8'',48,"Singeing?Dryer(old, 1box)?Sanforized",
X25135,,Natural,"5184x51
10ring(Nishat)X12-40D(Nishat), 3/1RHT",Natural #1,Nassa Group  /Michael Kors,,,,,,25/06/2025,409,2506525,120Y,"C:62.7''
F:63.7''",51,15.0cm,12.0cm,60,9,11.0cm,"C:61.9''
F:62.9''",1.25%,-3.40%,19.50%,1.40%,49.8'',61,Dryer(New-1box ) + Sanfo,
X25136,,RFD,"4752x51
9oe(Badsha)x12-70D(Nishat), 3/1LHT",RFD#11,Nass Group,,,,,,27/06/2025,607,2506529,120Y,"C:60''
F:61''",51,14.5cm,12.0cm,58,7,10.5cm,"C:58.8''
F:59.8'",0.30%,1.03%,12.00%,1.80%,57.7'',59,"Singeing?RFD?Dryer(1box, old) ?Sanforized",
X25137,RNS120-02R5,Heat Setting,,,,,,,,,25/06/2025,617,2506521,120Y,"C:62.8''
F:62.3''",42,16.0cm,12.5cm,50,8,12.0cm,"C:62''
F:62.5''",-0.59%,1.33%,11.60%,0.00%,54.8'',50,Singeing Heat Setting+ Dryer(5Box 60°C) + Sanforized,
X25138,,Natural,"5184x51
10oe(Badsha) x 12-40D(nishat)",Natural #01,Nassa Group,,,,,,25/06/2025,409,2506524,100Y,"C:62.8''
F:63.8",51,16.0cm,11.5cm,60,9,12.0cm,"C:61.7''
F:62.88''",-1.87%,1.09%,18.80%,1.00%,50.1'',61,Dryer(New-1box ) + Sanfo,
X25139,RNS120-02R5,Heat Setting,,,,,,,,,25/06/2025,617,2506519,126Y,"C:62''
F:62.8",42,16.0cm,13.5cm,49,7,12.0cm,"C:62.2''
F:63.1''",-0.40%,0.00%,10.70%,0.00%,55.5'',49,"Singeing Heat Setting+ Dryer(5Box 60°C) + Sanforized
Yarn(Lycra with felament poly)",
X25140,,Regular Finish,"4464x45
7oe(Badsha)+7rsl(Nishat), 6:4 X 7rls(Nishat)+7rn(Badsha), 3/1RHT",Blue Black#8C,Natural Indigo ltd,,,,,,25/06/2025,503,2506531,80Y,"C:65.5''
F:66.5''",45,18.0cm,14.0cm,54,9,16.0cm,"C:65.2''
F:66''",3.50%,0.42%,3.30%,1.00%,63.0'',53,Singeing + Dryer(5Box 60°C) + Sanforized,
X25141,,Regular Finish,"4176x43
7oe(Badsha)x7rsl(nishat)+7ring(badsha), 3/1RHT",Indigo #5,Natural Indigo ltd/Denim long pant-zara womens,,,,,,25/06/2025,111,2506503,85Y,"C:64''
F:64.8''",43,17.0cm,13.5cm,50,7,15.0cm,"C:64''
F:64.7''",-0.28%,2.15%,2.50%,0.00%,62.4'',50,Singeing + Dryer(5Box 60°C) + Sanforized,
X25142,RNS110-07R8I,Regular Finish,"4464x45
7rsl(Nishat)+9oe(Badsha), 2:8 X 12-40D N.S(BCI,Nishat), 3/1RHT",Grey#03,Sainsbury,,,,,,25/06/2025,406,2506535,150Y,"C:60''
F:60.7''",45,14.0cm,13.0cm,52,7,12.5cm,"C:59''
F:59.7''",-0.78%,0.78%,18.40%,1.80%,48.0'',53,Singeing + Dryer(5Box 60°C) + Sanforized,
"X25144-1
Taiwan",,Regular Finish,,,,,,,,,24/06/2025,605,2503184,33Y,"C:62''
F:63''",48,14.5cm,7.5cm,52,4,9.0cm,"C:59.3''
F:60''",1.04%,1.04%,6.07%,4.70%,55.7'',55,5Box 60°C,
"X25144-2
Taiwan",,Regular Finish,,,,,,,,,24/06/2025,605,2503184,33Y,"C:62.7''
F:63.7''",48,14.5cm,7.5cm,53,5,9.0cm,"C:58''
F:58.8''",2.40%,0.90%,7.50%,4.80%,53.6'',56,5Box 60°C,
X25148-1,,Regular Finish,"4464x46
9rn(Nishat)+9siro slub(Nishat) (6:4) X 12-40D N.S (Nishat, BCI), 3/1RHT",Blue Black#8D,Defacto,,,,,,27/06/2025,406,2506537,163Y,"C:59.8''
F:60.5''",46,14.5cm,11.0cm,54,8,10.5cm,"C:59''
F:59.8''",3.00%,2.35%,19.80%,1.00%,47.3'',55,Singeing+Dryer(5Box60°C)+Sanforized,
x25148-2,,Regular Finish,"4464x53
9rn(Nishat)+9siro slub(Nishat) (6:4) X 16-40D N.S (Nishat), 3/1RHT",Blue Black#8D,Defacto,,,,,,27/06/2025,406,2506537,,"C:59''
F:60''",53,14.5cm,11.0cm,61,8,10.5cm,"C:58.3''
F:59.''",2.40%,1.86%,19.30%,0.00%,47.2'',61,Singeing+Dryer(5Box60°C)+Sanforized,
X25149(RNS120-02R5),,Padding,,,,,,,,,28/06/2025,617,2505434,125Y,"C:61.3''
F:62''",42,14.5cm,13.0cm,48,6,15.5cm,"C:61.2""
F:62""",-1.34%,-1.49%,7.30%,-3.00%,56.7'',49,Singeing   + Dryer(Padding 140GPL) +  Sanforized,
X25150(PRPS110-02R5),,Regular Finish,"4176x44
7OE(Badsha) x 16-40D(T/Raw, Lycra), 3/1 RHT",Indigo #5,Lidl/workwear,,,,,,24/06/2025,216,2506516,68Y,"C:61.5''
F:62.5''",44,17.0cm,14.0cm,51,7,14.5cm,"C:59.5''
F:60.2''",-0.60%,1.95%,10.80%,1.00%,52.8'',52,Singeing + Dryer + Sanforized,
X25151-1,,H/S,,,,,,,,,01/07/2025,617,2506537,22Y,"C: 53.3''
F: 54.4''",42,12cm,9.5cm,49,7,9cm,"C: 51.8""
F: 52.8""",-1.57%,2.60%,22.70%,0.00%,40.0'',49,H/S + Dyer(5Box 60° C) + Sanforize,
X25151-2,,H/S,,,,,,,,,01/07/2025,617,2506537,22Y,"C: 53.3''
F: 54.5""",40,12cm,11cm,47,7,10cm,"C:53.2
F: 54.2 ",-1.70%,-2.30%,21.90%,0.00%,41.5'',47,"H/S + Dyer + Sanforize, 5Box 60°c",
"X25152(Taiwan)
twill down",,Broken Twill,,,,,,,,,29/06/2025,606,2506545,60Y,"C:59''
F:60'",42,14.0cm,10.0cm,48,6,4.0cm,"C:58.3""
F:59.3""",5.00%,6.00%,17.90%,3.00%,48.0'',49,Regular Finish,
X25153,,RFD(Twill Down),,,,,,,,,07/07/2025,617,2507561,124Y,"C:61.2''
F:62.5''",43,8.0cm,9.5cm,48,5,9.5cm,"C:60.8''
F:61.8''",-3.10%,4.08%,-12.50%,-1.10%,53.2'',49,Singeing + Dryer(old) + Sanforized,
X25153(ST070-01R5),,Regular Finish,"4800x50
16rn B:8,W:9 x 16rin(nishat), 2/1 RHT stripe",Indigo #5,Laila Style/ JC Penny,,,,,,02/07/2025,222,2506555,80Y,"C:56.9''
F:57.4''",50,9.0cm,8.0cm,58,8,8.5cm,"C:57''
F:57.5''",0.48%,3.21%,1.84%,1.00%,63.8'',57,Singeing + Dryer + Sanforized,
"X25154-1 (Taiwan)
",,"Padding
Natural Black",,,,,,,,,01/07/2025,110,2506529,120Y,"C:59.5''
F:60''",41,11.5cm,13cm,47,6,11.0cm,"C:57.8''
F:58.8''",-1.23%,3.08%,15.20%,3.40%,49.0'',48,"Singeing + Dryer(220 GPL) + Sanforized
Black Padding",
"X25154-2 (Taiwan)
",,"Padding
Natural Black",,,,,,,,,01/07/2025,110,2506529,,"C:60''
F:61''",41,16.0cm,13.0cm,46,5,11.5cm,"C:59.3''
F:60''",1.08%,-1.54%,13.90%,3.30%,51.0'',48,"Singeing + Dryer(220 GPL) + Sanforized
Black Padding",
X25157,,Regular,"4176x40
7ring(Badsha)x7oe(Badsha), 3/1RHT",Black#9S,P&B,,,,,,02/07/2025,309,2507503,100Y,"C:64.7''
F:65.4''",40,18.0cm,13.5cm,49,9,7.5cm,"C:65''
F:65.8''",-0.42%,-0.83%,-1.22%,0.00%,57.7'',49,Singeing + Dryer(5Box 60°C) + Sanforized,
X25158-1(Taiwan),,Padding,,`,,,,,,,01/07/2025,110,2505243,130Y,"C:56''
F:57''",41,15.5cm,13.0cm,46,5,9.5cm,"C:54.8''
F:55.7''",0.79%,1.57%,-15.14%,-6.00%,46.5'',47,Singeing + Dryer(140GPL) + Sanforized,
X25158-2(Taiwan),,Padding,,,,,,,,,01/07/2025,110,2505243,,"C:56.8''
F:57.8''",41,15.5cm,13.0cm,45,4,11.0cm,"C:55.5''
F:56.7''",-0.40%,0.30%,-13.10%,-5.00%,48.2'',50,Singeing + Dryer(140GPL) + Sanforized,
X25159-1(Taiwan),,Broken Twill,,,,,,,,,01/07/2025,406,2506545,60Y,"C: 57""
F:58""",42,2cm,1cm,48,6,1cm,"C: 55.8""
F: 56.5""",-0.30%,1.56%,16.40%,3.00%,46.6'',48,"5Box 60°c (Regular finish)
Broken Twill , Face Down",
X25159-2(Taiwan),,Broken Twill,,,,,,,,,04/07/2025,406,2506545,60Y,"C: 58""
F: 59""",42,2cm,0cm,48,6,0cm,"C: 56.8""
F: 57.5""",1.23%,-0.46%,15.14%,2.50%,48.2'',44,"5Box 60°C (Regular Finish),
Broken Twill, Face Down",
X25160,RN095-04R5,Regular,"4600x45
10rsl(Nishat)x12OE(Badsha)+10RSL(Nishat),2:1, 3/1RHT",Black#9L,SF Denim / C&A,,,,,,04/07/2025,504,2507559,92Y,"C:60.''
F:60.7''",45,13.5cm,11.0cm,53,8,12.0cm,"C:60''
F:60.7''",1.84%,-0.14%,-1.16%,0.00%,59.3'',53,singeing + Dryer(5Box 85°C) + Sanforized,
X25164,,Regular,"3906x39
8oe low TM(salek) x 9oe(Badsha), 3/1RHT",Black#9S,Natural Denim,,,,,,04/07/2025,413,2506536,40Y,"C:62.6''
F:63.5''",39,19.5cm,15.5cm,47,8,14.0cm,"C:63.2''
F:64''",-0.97%,-1.38%,-0.40%,2.00%,63.5'',45,singeing + Dryer(5Box 60°C) + Sanforized,
X25166,,Regular Finish,"3906x39
8oe low TM(salek) x 9oe(Badsha), 3/1RHT",Indigo #5,Natural Denim,,,,,,05/07/2025,617,2507571,188Y,"C:63''
F:63.7''",39,16.0cm,13.5cm,46,7,14.0cm,"C:63.4''
F:64''1",2.80%,-0.98%,0.60%,0.00%,63.0'',46,Singeing + Dryer(5Box 60°C) + Sanforized(Old),
X25168,,Regular,"4464x45
7rsl(Q476)Nishat+7oe(Nishat) x 10-70D(N.S)BCI,Nishat), 3/1RHT",Grey#03,Natural Indigo-Pull &Bear,,,,,,08/07/2025,309,2507577,108Y,"C:62''
F:62.8''",45,15.5cm,12.5cm,53,8,12.0cm,"C:60.8''
F:61.8''",1.55%,2.16%,-16.90%,-1.00%,50.5'',54,Singeing + Dryer(5Box 60°C) + Sanforized,
X25169,,"Natural, Regular Finish","4464x45
7rsl(Q476)Nishat+7oe(Badsha) x 10-70D(N.S)BCI,Nishat), 3/1RHT",natural#01,Natural Indigo -Pull&Bear,,,,,,09/07/2025,609,2507578,164Y,"C:63.2''
F:64''",45,22.0cm,13.0cm,53,8,12.5cm,"C:62''
F:62.8''",0.46%,-0.62%,19.30%,0.00%,50.0'',53,Singeing + Dryer(1box cool water) + Sanforized(old),
X25169,,Natural(1box cold wash),"4464x45
7rsl(Q476)Nishat+7oe(Badsha) x 10-70D(N.S)BCI,Nishat), 3/1RHT",Natural #01,Natural Indigo-Pull &Bear,,,,,,09/07/2025,609,2507578,164Y,"C:63.2''
F:64''",45,22.0cm,13.0cm,53,8,12.5cm,"C:62''
F:62.8''",0.46%,-0.62%,-19.30%,0.00%,50.0'',53,Singeing?Dryer(1box cold wash)?Sanforized,
X25171,,"Regular, Tencel","4464x44
8siro(nishat)x10Tencel(Nishat), 3/1 RHT",Indigo #5,Sainsbury,,,,,,07/07/2025,609,2504364,80Y,"C:66.4''
F:67''",44,19.0cm,15.0cm,51,7,19.0cm,"C:65.5''
F:66.7",-2.00%,0.50%,-0.60%,3.50%,64.8'',49,Singeing + Dryer(5Box 60°C) + Sanforized,
X25172,,Regular,"6120x54
16ring(Nishat)x20rign(Nishat), 3/1RHT",Indigo #5,Windy Group /Lid,,,,,,08/07/2025,117,2507581,60Y,"C:63''
F:63.8''",54,14.5cm,12.5cm,60,6,12.0cm,"C:63.8''
F:64.5''",0.70%,1.42%,0.30%,0.00%,64.0'',60,Singeing + Dryer(5Box 60°C) + Sanforized,
X25173,,Regular,"6120x54
16OE x 20ring(Nishat),3/1RHT
",Indigo #5,Windy Group /Lid,,,,,,09/07/2025,117,2507582,120Y,"C:63''
F:64''",54,13.5cm,9.0cm,62,8,12.5cm,"C:64''
F:65''",2.40%,2.40%,-0.30%,0.00%,63.8'',62,Singeing + Dryer(5Box 60°C) + Sanforized,
X25175,,"Natural-1, Regular Finish","4644x43
8OE(Badsha) X 9OE(Badsha), 3/1RHT",Natural,Warptex,,,,,,11/07/2025,309,2507590,120Y,"C:65.8''
F:66.7''",43,15.0cm,11.5cm,51,8,14.0cm,"C:65.8''
F:66.4''",2.10%,3.70%,-3.00%,-0.80%,63.8'',51,"Singeing + Dryer (Old, 1box cold wash) + Sanforized",
X25177,,"Twill down, Regular","5400x40
16ring(Nishat)x12ring(Nishat), 2/1RHT",Indigo #5,Just James,,,,,,09/07/2025,209,2507581,80Y,"C:63''
F:63.7''",40,9.0cm,8.0cm,46,6,11.0cm,"C:63.2''
F:64''",2.28%,0.70%,-1.20%,-1.00%,64.0'',47,Singeing + Dryer(5Box 60°C) + Sanforized,
X25178,,Regular Finish,"4176x44
8ring(nishat)x12ring(Badsha), 7/1RHT",Indigo #5,Inditex,,,,,,16/07/2025,319,2505389,50Y,"C:62''
F:63''",44,8.0cm,1.0cm,52,8,,"C:
F:",0.37%,,,,,,Singeing + Dryer(5box60°C)+Sanforized,
X25178,,"Face Up, Regular finish","4176x44
8ring(nishat)x12ring(Badsha), 7/1RHT",Indigo #5,Inditex/Zara ,,,,,,11/07/2025,118,2505389,60Y,"C:62.''
F:63''",44,13.0cm,4.5cm,51,7,7.5cm,"C:63''
F:64''",8.20%,-1.80%,-8.80%,-4.00%,57.4'',53,Singeing + Dryer(5Box 60°C) + Sanforized,
X25178-3,,Regular(face down),"4176x44
8ring(nishat)x12ring(Badsha), 7/1RHT",Indigo #5,Inditex(Skew Testing),,,,,,18/07/2025,319,2505389,30Y,"C:61''
F:62''",44,13.0cm,7.5cm,53,9,11.5cm,"C:62.2''
F:63.2''",3.50%,1.36%,-9.80%,-3.00%,56.1'',53,singeing + Dryer(5Box 60°C) + Sanforized,
X25179(Broken Twill),,Regular( Face Down),,,,,,,,,10/07/2025,406,2507586,60Y,"C:56''
F:56.8''",46,3.5cm,1.5cm,51,5,2.5cm,"C:56''
F:56.8''",-1.89%,2.37%,17.00%,-4.10%,46.2'',53,Singeing + Dryer(5Box 60°C) + Sanforized,
X25180,,Regular,"5238x42
16OE X 12OE(Badsha) , 2/1RHT",Indigo #5,Warptex,,,,,,13/07/2025,222,2507582,80Y,"C:63.2''
F:64.2''",42,11.0cm,8.5cm,49,7,8.0cm,"C:64''
F:65''",0.00%,-1.90%,0.00%,-0.50%,64.0'',49,singeing + Dryer(5Box 60°C) + Sanforized,Width less
X25181,,Regular,"5238x42
16OE X 12OE(Badsha) , 2/1RHT",Black#9S,Warptex,,,,,,13/07/2025,222,2507597,80Y,"C:63.5''
F:64.3''",42,10.5cm,7.0cm,49,7,7.5cm,"C:64.2''
F:65.1''",1.60%,-0.70%,0.00%,-0.20%,64.2'',49,singeing + Dryer(5Box 60°C) + Sanforized,
X25182,,Regular Finish,"4176x44
7oe x 16-40D( T/Raw, Lycra), 3/1 RHT",Indigo #5,Testing Sample for LIDL,,,,,,11/07/2025,205,2507586,35Y,"C:62''
F:63''",44,15.0cm,12.0cm,50,6,14.0cm,"C:59.5''
F:60.5''",2.20%,0.10%,-14.40%,-1.00%,50.9'',51,Singeing + Dryer(5Box 60°C) + Sanforized,
X25182,,Regular,"4176x44
7OE(Badsha) x 16-40D(T/Raw, Lycra), 3/1 RHT",Indigo #5,Lid,,,,,,16/07/2025,323,2507594,30Y,"C:62.2''
F:63.2''",44,15.0cm,12.0cm,51,7,12.5cm,"C:60''
F:61''",1.52%,0.92%,-15.30%,0.00%,50.8'',51,singeing + Dryer(5Box 60°C) + Sanforized,
X25183,,Regular,"3752x42
7ring(Badsha)+7oe(badsha) X 8-40D(N.S) Nishat, 3/1RHT",Indigo #5,PDS Far-East ltd./JC Penny,,,,,,14/07/2025,406,2507600,40Y,"C:60.5''
F:61.5''",42,14.0cm,12.0cm,49,7,11.5cm,"C:60''
F:60.8''",0.30%,0.00%,-15.10%,0.00%,51.0'',49,singeing + Dryer(5Box 60°C) + Sanforized,
X25183,,Regular(rest Quantity),"3752x42
7ring(Badsha)+7oe(badsha) X 8-40D(N.S) Nishat, 3/1RHT",Indigo #5,PDS Far-East ltd./JC Penny,,,,,,17/07/2025,406,2507600,40Y,"C:60.2''
F:61.2''",42,16.0cm,13.0cm,49,7,11.5cm,"C:59.6''
F:60.5''",-2.70%,0.10%,-15.10%,0.00%,50.6'',49,singeing + Dryer(5Box 60°C) + Sanforized,
X25184,,Regular,"4347x44
8ring(Nishat)x10(Tencel), 3/1 RHT
                          TM 3.3 Nishat",Indigo #5,Sainsbury,,,,,,13/07/2025,609,2505389,70Y,"C:64''
F:65''",44,19.0cm,17.0cm,53,9,19.0cm,"C:64.2''
F:65''",0.50%,0.40%,-1.80%,5.20%,63.0'',50,singeing + Dryer(5Box 60°C) + Sanforized,
X25185,,Regular,"5184x54
10rsl(yt-199)nishat lot-01+12rsl(yt:199)(nishat) 1:1 x 20-40D(nishat lot-01)+20-70D(sunray) 2:1
3/1 RHT",Indigo #5,Just James,,,,,,14/07/2025,105,2507599,120Y,"C:56''
F:57''",54,15.0cm,10.0cm,62,8,9.5cm,"C:54.5''
F:55.2''",0.00%,-2.50%,-23.10%,-3.20%,41.9'',64,singeing + Dryer(5Box 60°C) + Sanforized,
X25186(ST095-03R5),,Regular(Face down),"4356x38
9oe(Blue:8,White:4)(Pysical BCI)Badsha X 10ring (Badsha), 2/1 RHT",Blue White#5,Primark,,,,,,17/07/2025,201,2507611,80Y,"C:60''
F:60.2''",38,11.0cm,7.5cm,45,7,9.5cm,"C:59.6''
F:60.4''",1.40%,0.90%,-1.60%,1.90%,58.6'',45,singeing + Dryer(5Box 60°C) + Sanforized,
X25187(RN110-26R5),,Regular,"4176x35
7ring(Badsha) x 10(tencel) (TM-4 Nishat lot-01), 3/1 RHT",Indigo #5,Mkt,,,,,,13/07/2025,406,2505434,68Y,"C:61.8''
F:62.8''",35,19.0cm,17.5cm,42,7,17.5cm,"C:62.1''
F:63.1''",-0.90%,0.00%,-0.90%,0.00%,61.5'',42,singeing + Dryer(5Box 60°C) + Sanforized,
X25188(Tencel),,"Regular finish, Tencel","4176x43
7oe(Badsha)x10((tencel, TM-4),(Nishat), (Nishat) , 3/1RHT
From bulk beam PRPS110-02R5",Indigo #5,Mkt,,,,,,11/07/2025,406,2507586,100Y,"C:62.5''
F:63.5''",43,15.0cm,10.0cm,50,7,16.0cm,"C:62''
F:62.6''",5.80%,5.70%,-3.00%,2.70%,60.1'',49,Singeing + Dryer(5Box 60°C) + Sanforized,
X25189(RN135-01R5),,Regular,"4176x42
7ring(Badsha)x6Tencel(Envoy, lot-19), 3/1 RHT",Indigo #5,Mkt,,,,,,12/07/2025,406,2505434,100Y,"C:63.5''
F:64.5''",42,13.0cm,13.0cm,49,7,17.5cm,"C:63''
F:64''",5.30%,3.70%,-4.70%,0.00%,60.0'',49,singeing + Dryer(5Box 60°C) + Sanforized,
X25190,,Regular Finish,"4464x40
9oe(Badsha)x10(tencel) TM-4(Nishat, lot-01), 3/1 RHT",Indigo #5,Mkt,,,,,,12/07/2025,609,2505399,100Y,"C:66.8''
F:67.6''",40,15.0cm,16.0cm,45,5,14.0cm,"C:65.8''
F:66.6''",0.40%,-0.50%,-1.90%,-1.30%,64.5'',45,Singeing + Dryer(5Box 60°C) + Sanforized,
X25191,,Regular(Twill down),,,,,,,,,16/07/2025,222,2505451,85Y,"C:60''
F:60.8''",35,11.0cm,8.0cm,41,6,7.5cm,"C:60.4''
F:61''",-1.22%,0.00%,-0.90%,0.00%,61.0'',41,Singeing + Dryer(5box 60°C) + Sanforized,
X25192,,Regular,"3752x42
7oe Low TM X 8-40D(NS), 3/1 RHT
Salek           (Nishat lot-01)",Dark Indigo#6,PDS Far-East ltd./JC Penny,,,,,,14/07/2025,406,2506505,35Y,"C:62''
F:63''",42,15.0cm,10.0cm,49,7,10.0cm,"C:60.8''
F:61.6''",-1.20%,2.27%,-14.40%,0.00%,52.0'',49,singeing + Dryer(5Box 60°C) + Sanforized,
X25192,,Regular Finish,"3752x42
7oe Low TM X 8-40D(NS), 3/1 RHT
Salek lot-203           (Nishat lot-01)",Dark Indigo#6,PDS Far-East ltd./JC Penny,,,,,,29/07/2025,211,2507645,100Y,"C:61.5''
F:62.2''",42,18.0cm,11.5cm,49,7,11.0cm,"C:61''
F:61.8''",-0.89%,-2.24%,-14.40%,0.00%,52.2'',49,Singeing?Dryer(5box 60°C)?Sanforized,
X25193,,Regular,"4200x37
7OE(Badsha, lot-55) x 7OE(Badsha , lot-55) , 3/1RHT",Black#9L,Warptex,,,,,,16/07/2025,414,2507585,85Y,"C:61.4''
F:62.2''",37,15.0cm,10.0cm,44,7,12.0cm,"C:61.2''
F:62''",0.99%,1.70%,1.96%,0.00%,60.0'',44,singeing + Dryer(5Box 60°C) + Sanforized,
X25196-1,,Regular(stripe),"4692x44
12oe(B:60,W:60)x12oe+12ring , 3/1RHT Strip
            Badsha, lot-55                                 Badsha lot-53, Badsha lot-88",Indigo #5,Sainsbury,,,,,,18/07/2025,107,2507612,40Y,"C:59.7''
F:60.5''",44,13.0cm,11.0cm,52,8,11.5cm,"C:60.2''
F:60.8''",2.11%,-1.40%,-1.16%,0.00%,59.5'',52,singeing + Dryer(5Box 60°C) + Sanforized,
X25196-2,,Regular(stripe),"4692x44
12oe(B:60,W:60)x12ring , 3/1RHT, Strip
          Badsha, lot-55                    Badsha lot-88",Indigo #5,Sainsbury,,,,,,18/07/2025,107,2507612,80Y,"C:59.2''
F:60''",44,13.0cm,11.5cm,53,9,11.5cm,"C:60.2''
F:60.7''",-0.10%,1.20%,-0.30%,-0.50%,59.8'',51,singeing + Dryer(5Box 60°C) + Sanforized,
X25197,,"Regular Finish, Face down",,,,,,,,,22/07/2025,308,2507581,40Y,"C:59''
F:59.8''",52,16.5cm,13.5cm,59,7,15.5cm,"C:59.8''
F:60.5''",1.43%,1.43%,-1.30%,-1.00%,59.0'',60,Singeing + Dryer(5box 60°C ) + Sanforized(old M/C),
X25198,,"Regular Finish, Face down","6120x52
16OEx20ring , 3/1RHT 
nichat",Indigo #5,Windy Group /Lid,,,,,,22/07/2025,308,2507582,60Y,"C:59.8''
F:60.2''",52,17.0cm,14.0cm,60,8,14.0cm,"C:59.7''
F:60''",0.42%,-1.14%,-1.50%,-1.00%,58.8'',61,Singeing + Dryer(5box 60°C ) + Sanforized(old M/C),
X25201(PRS-105-09R6),,NATURAL,"3906x43
7oelow TM x 12-40D(nishat, Physical BCI), 3/1RHT",Natural,Trim Wear,,,,,,29/07/2025,608,2507561,120Y,"C:62''
F:63''",43,19.0cm,12.0cm,50,7,12.0cm,"C:62.2''
F:63.4''",-3.50%,-5.50%,15.00%,-2.40%,52.6'',50,"Singeing?Dryer(old, cold wash)?Sanforized",
X25202(RNS-110-07R8I),,Regular Finish,"4464x45
7siro slub+9oe(badsha lot-55 BCI)x12- 40D(NS), 3/1RHT
(nishat )                 Nishat(Physical BCI ",Blue Black #9S,Sainsbury,,,,,,31/07/2025,308,2507658,50Y,"C:60''
F:61''",45,16.0cm,11.0cm,53,8,12.0cm,"C:59''
F:60''",1.10%,-0.79%,19.00%,-1.50%,47.8'',53,Singeing?Dryer(5box 60°C)?Sanforized,
X25203,,Regular,"4464x48
(7siro slub(Nishat)+8oe(Badsha))6:4 x 12-40D(Nishat, BCI), 3/1RHT
         ",Blue Black #8D,Sainsbury,,,,,,31/07/2025,408,250759,408Y,"C:61.5''
F:62.5''",48,15.0cm,11.5cm,56,8,12.5cm,"C:60.8''
F:61.8''",0.30%,1.80%,-14.80%,0.00%,51.8'',56,Singeing?Dryer(5box 60°C)?Sanforized,
X25204,,Regular Finish,"5184x54
10rsl nishat+12rsl(nishat) x 20-40D(nishat)+20-70D(sunray) 2:1
3/1 RHT",Dark Indigo#6,Just James,,,,,,28/07/2025,310,2507646,60Y,"C:57''
F:57.8''",54,14.0cm,11.5cm,62,8,9.5cm,"C:55.5''
F:56.3''",-1.29%,-3.00%,23.40%,-2.60%,42.5'',64,Singeing + Dryer(5box 60°C ) + Sanforized,
X25205,,Regular Finish,,,,,,,,,29/07/2025,110,2507650,80Y,"C:60.8''
F:62''",44,13.0cm,11.5cm,52,8,,"C:59.8''
F:60.8''",,,,,,,Singeing?Dryer(5box 60°C)?Sanforized,
X25207,,Regular,"4488x42
10Tencel,lenzing(Nishat) x 10(Tencel, Lenzing, Nishat), 3/1RHT",Dark Indigo#6,ZARA,,,,,,06/08/2025,207,2508677,123Y,"C:62''
F:63''",42,11.5cm,11.5cm,48,6,10.5cm,"C:62.7''
F:63.7''",3.70%,-5.00%,2.70%,-1.50%,61.0'',48,Singeing?Dryer(5box 60°C)?Sanforized,
X25208,,Regular,,,,,,,,,09/08/2025,211,2508682,100Y,"C:64.4''
F:65.4''",42,15.0cm,11.5cm,50,8,11.0cm,"C:65.2''
F:65.5''",-6.10%,2.60%,-3.30%,3.40%,63.0'',49,Singeing?Dryer(5box 60°C)?Sanforized,
X25210,,Regular,"4205x39
8ring(Nishat)x8OE(Badsha), 3/1RHT",Grey#03,Al Muslim Group/ZARA,,,,,,02/08/2025,111,2507664,100Y,"C:64''
F:65''",39,14.0cm,12.5cm,52,13,12.0cm,"C:54''
F:55''",-0.20%,0.40%,-0.30%,1.30%,64.0'',45,Singeing?Dryer(5box 60°C)?Sanforized ,
X25211,ST105-01R5,Regular,"4752x48
10OE(Badsha)x9OE(Badsha),  3/1RHT Stripe",Black#9S,Madry Jeans,,,,,,03/08/2025,207,2507653,118Y,"C:64''
F:64.7''",48,16.0cm,12.5cm,56,8,13.0cm,"C:64.5''
F:65.2''",0.10%,0.50%,-15.20%,1.20%,62.8'',56,Singeing?Dryer(5box 60°C)?Sanforized ,
X25212,,"Regular finish, Tencel",,,,,,,,,27/07/2025,415,2503191,60Y,"C:67''
F:67.9''",39,16.5cm,14.0cm,46,7,17.5cm,"C:66.8''
F:67.5''",5.40%,2.17%,-4.40%,-1.40%,63.8'',46,Singeing + Dryer(5box 60°C ) + Sanforized,
X25213,PR105-08R5(NEW),Regular finish,"4495x43
9OE(BTL)x9OE(Basha)+9ring(Nishat), 3/1RHT
           1:1", blue black,C&A/Style 2239086,,,,,,29/07/2025,308,2507631,100Y,"C:64''
F:64.8''",43,16.0cm,13.0cm,51,8,14.0cm,"C:63.5''
F:64.3''",1.68%,0.00%,-0.70%,2.00%,63.0'',50,Singeing?Dryer(5box 60°C)?Sanforized,
X25215-1,,Regular Finish,"4176X38
7rsl(Q-476)(Nishat)+7oe(Badsha) X 7oe(Badsha) 3/1RHT",Indigo #5,STR/MAX NOVA,,,,,,31/07/2025,319,2503191,60Y,"C:63.5''
F:64.5''",38,15.5cm,11.5cm,46,8,13.0cm,"C:64.2''
F:65''",0.43%,1.14%,2.18%,1.40%,62.8'',46,Singeing?Dryer(5box 60°C)?Sanforized,
X25215-2,,Regular Finish,"4176X39
7rsl(Q-476)(Nishat)+7oe(Badsha) X 6oe(Badsha ) 3/1RHT",Indigo #5,STR/MAX NOVA,,,,,,31/07/2025,319,2503191,60Y,"C:64''
F:65''",39,15.5cm,12.0cm,47,8,13.5cm,"C:64.5''
F:65.5''",1.80%,-0.20%,-1.50%,3.50%,63.5'',46,Singeing?Dryer(5box 60°C)?Sanforized,
X25216-1,,Heat Setting,"3888x42
7oex10-40D(nishat, BCI), Herringbone(As Design)",Black #9L,Bershka,,,,,,02/08/2025,121,2507652,60Y,"C:57.3''
F:58.4''",42,14.5cm,12.0cm,46,4,11.5cm,"C:56''
F:57.2''",-3.80%,2.40%,-14.80%,-2.30%,47.7'',51,Singeing?heat Setting?Dryer(5box 60°C)?Sanforized ,
X25216-2,,Regular,"3888x44
7oex12-40D(nishat, BCI), Herringbon(As Design)",Black #9L,Bershka,,,,,,02/08/2025,121,2507652,60Y,"C:55.5''
F:56.5''",44,14.5cm,12.0cm,49,5,10.5cm,"C:54''
F:55''",-6.20%,3.80%,-16.20%,-1.80%,45.2'',53,Singeing?Dryer(5box 60°C)?Sanforized ,
X25217,,Regular,"4176x46
10Ring(Nishat)x16-40D(NS)Nishat, 3/1RHT",Dark Indigo#06,Sterling Style LTD,,,,,,03/08/2025,319,2503196,154Y,"C:54.7''
F:55.7''",46,13.5cm,10.0cm,54,8,10.0cm,"C:53''
F:54''",-1.20%,1.20%,-24.10%,-0.40%,40.2'',54,Singeing?Dryer(5box 60°C)?Sanforized ,
X25218,,Regular,"4752x42
7oe(Badsha)X10oe(Badsha, BCI), 3/1RHT",Dark Indigo#6,Trim Wear,64''--65'',,# (3--4)%,12.00 oz,,08/08/2025,207,2508685,127Y,"C:65.6''
F:66.7''",42,19.5cm,12.5cm,50,8,16.0cm,"C:66''
F:66.8''",2.20%,2.80%,-2.40%,1.40%,64.5'',49,Singeing?Dryer(5box 60°C)?Sanforized,
X25219,PR11012R5,Regular,"4464x50
9oe(Badsha)X9oe(Badsha, BCI), 3/1RHT",Indigo #5,Testing,61''--62'',,# +/- (3--4)%,11.00 oz,,06/08/2025,612,2505593,60Y,"C:58''
F:59''",50,14.0cm,11.0cm,58,8,12.5cm,"C:58.5''
F:59.5''",1.13%,1.57%,-2.30%,0.00%,57.1'',58,Singeing?Dryer(5box 60°C)?Sanforized,
X25220,,Regular,"3944x40
7ring(Sandwich)Nishat, BCI X 7oe(Badsha), 3/1RHT",Indigo+Black+Indigo,Pull&Bear,,,,,,,,,,,,,,,0,,,,,,,,,Singeing?Dryer(5box 60°C)?Sanforized ,
X25221,RNS110-07R9S,Regular,"4464x45
7rsl(Nishat)+9oe(Badsha), 2:8 X 12-40D N.S(BCI,Nishat), 3/1RHT",Black#9T,Sainsbury,59'' -- 60'',,# -(16--20)%,11.00 oz,,07/08/2025,221,2507666,128Y,"C:60.2''
F:61''",45,18.5cm,12.0cm,53,8,12.5cm,"C:59''
F:60''",1.23%,0.30%,-17.40%,0.00%,48.7'',53,Singeing?Dryer(5box 60°C)?Sanforized,
X25776,,"Natural, Regular Finish",,,,,,,,,09/07/2025,411,2506548,120Y,"C:62.5''
F:63.7''",37,18.0cm,11.0cm,44,7,12.5cm,"C:63''
F:63.8''",1.43%,-1.10%,3.40%,0.00%,60.8'',44,Singeing + Dryer(1box cool water) + Sanforized(old),
X24227,RN075-04R11,"RFD, Regular Finish","4800X44
12rsl(yt-204)Nishat+12oe(Badsha)3:7 X 16rsl(Yt-161)Nishat+16oe XDD, 1:1 , 2/1RHT",RFD#11,Jennyfer,,,,,,14/01/2025,,,,,,,,,0,,,,,,,,,"Singeing?RFD?Dryer(1box, Old) ?Sanforized",
PRS-095-06R11,,RFD + Regular finish,"4216X44
10OE(Badsha) X 10-70D(Nishat), 3/1 RHT",RFD#11,Natural Indigo,,,,,,10/03/2025,202,2503221,120Y,,,,,,0,,,,,,,,,"Singeing?RFD?Dryer(1box, Old) ?Sanforized",
X25072-1,RNS100-21R6C,Regular Finish,"4468X40
8ring(Nishat) X 12-40D T/Raw(Texhong)+12-70D T/Raw, 2:1, 3/1RHT",Dark Indigo#6C,C&A,,,,,,20/04/2025,Issue date,,,,,,,,0,,,,,,,,,Singeing?Dryer(5box 60°C)?Sanforized,
X25072-2,RNS100-21R6C,Regular Finish,"4468X40
8ring(Nishat) X 12-40D T/Raw(Texhong)+12-70D T/Raw, 1:1, 3/1RHT",Dark Indigo#6C,C&A,,,,,,20/04/2025,Issue date,,,,,,,,0,,,,,,,,,Singeing?Dryer(5box 60°C)?Sanforized,
X25061,RNPS080-13R9T,Regular Finish,"5508x55
16ring(Nishat) X 20-40D T/Black, 3/1RHT",Solid black,Only for test purpose,,,,,,25/03/2025,Issue date,,,,,,,,0,,,,,,,,,"Singeing?Jigger(Solid Black)?Dryer?Sanforized
Test Purpose",
X25015,,Regular Finish,"4692x44
12Ringx12Ring(Badsha)",indigo#5,MKT,,,,,,22/03/2025,Issue date,,,,,,,,0,,,,,,,,,Singeing?Dryer(5box 60°C)?Sanforized,
X24015,,Regular Finish,"4692x44
12Ringx12Ring(Badsha), Box Dobby (Attached)",Indigo#5,MKT,,,,,,,,,,,,,,,0,,,,,,,,,Singeing?Dryer(5box 60°C)?Sanforized,
X25057,,Regular Finish,"4468X40
8ring X 12-40D T/Black , 3/1RHT",Black#9S,C&A,,,,,,22/03/2025,Issue date,,,,,,,,0,,,,,,,,,Singeing?Dryer(5box 60°C)?Sanforized,
X25059,,Regular Finish,"4468X40
8oe(Badsha)X12-40D T/Black, 3/1RHT",Black #9S,C&A,,,,,,22/03/2025,Issue date,,,,,,,,0,,,,,,,,,Singeing?Dryer(5box 60°C)?Sanforized,
X25058,,Regular Finish,"4468X40
8oe(Badsha) X 12-40D T/Raw, 3/1RHT",Dark Indigo#6C,C&A,,,,,,22/03/2025,Issue date,,,,,,,,0,,,,,,,,,,
X25078,,Regular,"3906x42
6oe Low TM",Indigo#5,Natural Indigo,,,,,,24/04/2025,Issue date,,,,42,,,,-42,,,,,,,,,Singeing?Dryer(5box 60°C)?Sanforized,
X150574-2,,Regular(RFD),10rsl(yt-199),RFD#11,Bexhim Global,,,,,,15/03/2025,Issue date,,,,50,,,,-50,,,,,,,,,Singeing?Dryer?Sanforized,
PR125-01L5,,Regular Finish,"4495x38
7oe(Badsha)X7oe(Badsha), 3/1 LHT",Indigo#5,H& F / Milon,64''--65'',,# -(3--4)%,12.50 oz,,29/08/2025,323,2508770,100Y,"C:64.5''
F:65.5''",38,16.0cm,16.5cm,45,7,15.5cm,"C:64.8''
F:65.8''",0.71%,-1.86%,-3.08%,0.00%,62.8'',45,Singeing?Dryer(5box 60°C)?Sanforized,
X22122-1,,Regular Finish,"4200x40
8ring(Nishat) X 10oe(BCI, Badsha), Zigzag",Indigo#5,Windy Group,60''--61'',,# +/- (3--4)%,9.90 oz,,26/08/2025,203,2505389,80Y,"C:60.2''
F:61''",40,0.0cm,0.0cm,47,7,0.0cm,"C:60.8''
F:61.8''",-1.40%,-3.70%,-0.49%,1.80%,60.5'',45,Singeing ?Dryer(5box 60°C)?Sanforized,
X22122-2,,Regular Finish,"4200x46
8ring(Nishat)X10oe(Badsha, BCI), Zigzag",Indigo#5,Windy Group,60''--61'',,# +/- (3--4)%,10.70 oz,,26/08/2025,203,2505389,80Y,"C:60.4''
F:61.4''",46,0.0cm,0.0cm,53,7,0.0cm,"C:61.8''
F:61.7''",-2.90%,-2.50%,-1.31%,2.80%,60.0'',52,Singeing ?Dryer(5box 60°C)?Sanforized,
X25246,,Regular Finish,"4464x48
10rsl (YT-233)Nishat X 16-70D TR/Raw T/Rayon=70/30, changzhou, 3/1RHT",Blue Black #8D,H&F ,52''--53'',,# (16-20)%,10.00 oz,,27/08/2025,416,2508755,80Y,"C:54.8''
F:55.8''",48,12.0cm,9.5cm,55,7,9.0cm,"C:50.5''
F:51.5''",-1.60%,-0.80%,-21.50%,-2.86%,39.6'',57,Singeing ?Dryer(5box 60°C)?Sanforized,
X25254,,Regular Finish,"7oe X 10-70D N.S (Nishat), 3/1 Broken Twill",Indigo#5,Cherng EN Enger Prise/ Taiwan,55'' - 56'',,# -(14 -- 18 ) %,12.50 oz,,30/08/2025,223,2508757,38Y,"C:59.8''
F:60.8''",42,1.0cm,0.0cm,48,6,2.0cm,"C:57.8''
F:58.8''",-0.62%,4.40%,-17.64%,-2.40%,47.6'',50,Singeing ?Dryer(5box 60°C)?Sanforized,
X25164,,Regular Finish,"3906x39
8OE Low TM(Salek) X 9oe(BCI, Badsha), 3/1RHT",Black #9S,Noise Seas,63''--64'',,# +/- (3--4) %,10 oz,,30/08/2025,107,2508743,122Y,"C:63.4''
F:64''",39,17.0cm,14.5cm,46,7,14.0cm,"C:63.8''
F:64.5''",0.70%,-1.41%,-1.25%,0.00%,63.0'',46,Singeing ?Dryer(5box 60°C)?Sanforized,
X25253-1,,Regular Finish,"4644x43
7.5 ring Low TM 3.8(Nishat) X 7oe(Badsha, Physical BCI), 3/1RHT",Grey #03,STR,64''--65'',,#  (3--4)%,12.75 oz,,01/09/2025,210,2508781,88Y,"C:65.5''
F:66.3''",43,21.0cm,14.5cm,51,8,14.0cm,"C:66''
F:66.8''",0.00%,-1.80%,-1.90%,4.80%,64.7'',50,Singeing ?Dryer(5box 60°C)?Sanforized,
X25253-2,,Regular Finish,"4644x40
7.5 ring Low TM 3.9(Nishat) X 9oe(Physical BCI), 3/1RHT",Grey #03,STR,64''--65'',,#  (3--4)%,11.50 oz,,01/09/2025,210,2508781,68Y,"C:65''
F:65.5''",40,21.0cm,15.0cm,49,9,15.0cm,"C:65.5''
F:65.8''",-0.41%,-0.69%,-1.30%,2.50%,64.6'',47,Singeing ?Dryer(5box 60°C)?Sanforized,
X25222,PRS105-09R6,Regular Finish,,,,,, ,,,10/08/2025,410,2507669,60Y,"C:60''
F:61''",43,15.0cm,13.0cm,50,7,11.5cm,"C:59.2''
F:60.2''",-2.70%,0.00%,-16.30%,-1.20%,49.5'',50,Singeing ?Dryer(5box 60°C)?Sanforized,
X22287-2,Rest Quantity,Regular Finish,,,,,,,,,11/08/2025,207,2507655,,"C:58''
F:59''",48,13.5cm,11.5cm,56,8,9.5cm,"C:56.5''
F:57.5''",-2.20%,-2.50%,-22.40%,0.00%,43.8'',57,Singeing ?Dryer(5box 60°C)?Sanforized,
X24109,,Regular Finish,"6840x60
20rn Compact(Nishat)X20rn Compact(Nishat), 3/1RHT",Dark indigo#7,Windy Group/ LIDL,64''--65'',,# +/-(3--4)%,6.7 oz,,13/08/2025,120,2508694,142Y,"C:65''
F:65.5''",60,15.5cm,11.5cm,69,9,12.0cm,"C:65.5''
F:66''",0.14%,1.70%,-1.06%,-0.70%,64.8'',69,Singeing ?Dryer(5box 60°C)?Sanforized,
X24002-2,,Regular Finish,"4644x40
7.5ring Low TM 3.8(Nishat)X9oe(BCI, Badsha), 3/1RHT",Indigo#5,MKT,65''--66'',,# +/-(3-4)%,11.50 oz,,13/08/2025,415,2508706,78Y,"C:65.2''
F:66''",40,21.0cm,15.0cm,48,8,14.5cm,"C:65.8''
F:66.5''",-1.26%,0.00%,-1.20%,0.00%,65.0'',48,Singeing ?Dryer(5box 60°C)?Sanforized,
X24002-3,,Regular Finish,"4644x40
7.5ring Low TM 3.8(Nishat)X8oe(BCI, Badsha), 3/1RHT",indigo#5,MKT,65''--66'',,# +\-(3--4)%,12.00 oz,,13/08/2025,415,2508706,70Y,"C:65.6''
F:66.5''",40,18.0cm,13.0cm,49,9,12.0cm,"C:66''
F:66.5''",0.00%,0.13%,-1.50%,2.80%,65.0'',47,Singeing ?Dryer(5box 60°C)?Sanforized,
X25220,,Regular Finish,"3944x40
7ring(Sandwich)Nishat, BCI X 7oe(Badsha), 3/1RHT",Indigo+Black+Indigo,Pull&Bear,61''--62'',,# +/- (3--4)%,12.25 oz,,13/08/2025,211,2508709,30Y,"C:61''
F:62''",40,21.0cm,,46,6,14.0cm,"C:61.4''
F:62.4''",0.87%,-0.87%,-2.20%,-2.80%,60.0'',47,Singeing ?Dryer(5box 60°C)?Sanforized,
X25230,,Regular Finish,"4752X54
10rsl(TY-199)Nishat X12-40D T/Raw(Recycle, Xuzhou) + 12-70D T/Raw(Recycle, Xuzhou)(2:1), 3/1RHT",Blue Black #8D,G Grade ( Masud korim),57'',,,11.00 oz,,13/08/2025,207,2506498,60Y,"C:62''
F:63''",54,16.5cm,10.5cm,64,10,8.5cm,"C:62''
F:63''",-4.00%,-0.75%,-12.50%,1.80%,52.3'',63,Singeing ?Dryer(5box 60°C)?Sanforized,
X25228,,Regular Finish,,,,,,,,,14/08/2025,219,2501041,50Y,"C:55''
F:56''",55,14.0cm,9.5cm,65,10,10.0cm,"C:53.9''
F:54.8''",1.09%,2.60%,-19.60%,0.00%,43.3'',65,Singeing ?Dryer(5box 60°C)?Sanforized,
X22117-1,,Regular Finish,"3564x41
8ringX8-40D N.S(Nishat), 3/1RHT",Indigo#5,Natural Indigo,55''--56'',,# -(16-20)%,11.20 oz,,15/08/2025,211,2505389,100Y,"C:57.7''
F:59''",41,14.0cm,10.0cm,48,7,10.0cm,"C:56.5''
F:57.8''",1.07%,-1.99%,-18.50%,1.70%,46.0'',47,Singeing ?Dryer(5box 60°C)?Sanforized,
X25223,,Regular Finish,"4752x42
12siro slub(7053) Nishat  + 12ring(BCI, Nishat)(4:6) X , 3/1RHT",Indigo#5,Echotex,64''--65'',,# (3--4)%,8.70 oz,,16/08/2025,207,2508719,60Y,"C:63.2''
F:64''",42,14.5cm,12.5cm,49,7,10.0cm,"C:63''
F:64''",-2.80%,-2.12%,-0.70%,0.00%,63.5'',49,Singeing ?Dryer(5box 60°C)?Sanforized,
SA1010110,RNS100-07R5,Regular Finish,"4600X55
10rsl(yt-199)Nishat X 16-40D N.S(Physical BCI, spandex),3/1 RHT",Indigo#5,Madry Jeans,53''--54'',,#-(13--17)%,9.50 oz,,10/08/2025,410,2508729,50Y,"C:54.8''
F:55.7''",55,13.5cm,10.0cm,62,7,9.0cm,"C:53.6''
F:54.4''",0.96%,-2.30%,-18.80%,-4.40%,43.5'',64,Singeing ?Dryer(5box 85°C)?Sanforized,
"SA1010110
Rest Qunt.",RNS100-07R5,Regular Finish,"4600X55
10rsl(yt-199)Nishat X 16-40D N.S(Physical BCI, spandex),3/1 RHT",Indigo#5,Madry Jeans,53''--54'',,#-(13--17)%,9.50 oz,,30/08/2025,410,2508729,Rest.Qunt.,"C:54.2''
F:55.2''",55,14.5cm,10.5cm,63,8,10.0cm,"C:53.1''
F:54.1''",-1.10%,-1.10%,-18.60%,-2.30%,43.2'',64,Singeing ?Dryer(5box 60°C)?Sanforized,
X21212,SR095-01R6,Regular Finish,"4488X42
10siro(BCI, Badsha) X 10OE(Badsha), 3/1RHT",Dark Indigo#6,MKT,60''--61'',,# +/-(3--4)%,9.50 oz,,20/08/2025,614,2508735,200Y,"C:60.7''
F:61.7''",42,16.0cm,12.5cm,48,6,13.5cm,"C:61.5''
F:62.5''",-0.57%,2.02%,-1.46%,-2.40%,60.6'',49,Singeing ?Dryer(5box 60°C)?Sanforized,
X25242,,"Regular Finish
Broken Twill","4176X42
7oe CIMA X 10-70D N.S(Physical BCI, Nishat), 3/1Broken Twill",Indigo#5,MKT,55''--56'',,# -(14-18)%,12.50 oz,,21/08/2025,220,25087704,60Y,"C:59''
F:60''",42,4.5cm,4.0cm,48,6,1.5cm,"C:58''
F:59''",-1.50%,-1.10%,-17.50%,-3.80%,47.8'',48,Singeing ?Dryer(5box 60°C)?Sanforized,
X20048-4,,Regular Finish,"3564X40
8RN(Nishat) x 8OE(BCI, Badsha), 3/1RHT",Indigo#5,MKT,60''--61'',,# +/-(3--4)%,10.00 oz,,21/08/2025,221,2505389,50Y,"C:61.2''
F:62.2''",40,14.0cm,14.0cm,47,7,15.5cm,"C:61.6''
F:62.5''",0.40%,2.10%,-0.90%,1.20%,61.0'',46,Singeing ?Dryer(5box 60°C)?Sanforized,
X20048-4,Rest Quantity,Regular Finish,"3564X40
8RN(Nishat) x 8OE(BCI, Badsha), 3/1RHT",Indigo#5,MKT,60''--61'',,# +/-(3--4)%,11.00 oz,,31/08/2025,221,2505389,,"C:60.5''
F:61.5''",40,16.5cm,15.5cm,44,4,15.5cm,"C:61.2''
F:62.2''",2.16%,-2.44%,-0.37%,-3.50%,61.0'',46,Singeing ?Dryer(5box 60°C)?Sanforized,
X23294-1,,Regular Finish,"4216x40
9rnX12rn(Physical BCI, Nishat), 4/2 LHT",Dark indigo#6,Windy Group/ Primark(test),59'',,# +/-(3--4)%,9.40 oz,,21/08/2025,206,2505415,103Y,"C:57.7''
F:58.7''",40,17.0cm,15.5cm,47,7,15.5cm,"C:58.5''
F:59.3''",2.42%,-4.50%,-0.30%,-1.00%,58.3'',48,Singeing ?Dryer(5box 60°C)?Sanforized,
08243-1,RN130-01R5(New),Regular Finish,"4216X39
7rn(Nihsat)X7rn(Nihsat)+7oe(Badsha) 1:1, 3/1RHT",Indigo#5,Al-Islam Textile,58''--59'',,# +/-(3--4)%,13.00 oz,,23/08/2025,516,2508739,120Y,"C:59.7''
F:60.7''",39,15.0cm,11.5cm,47,8,14.5cm,"C:59.5''
F:60.5''",2.12%,2.12%,-1.17%,1.80%,58.8'',46,Singeing ?Dryer(5box 60°C)?Sanforized,
X22324,,"Regular Finish
Twill Down","4743x43
12oe(Badsha)x12oe(Badsha), 2/1RHT",Indigo#5,Warptex,60''--61'',,# +/- (3--4)%,8.40 oz,,23/08/2025,206,2508745,104Y,"C:60.8''
F:61.8''",45,10.0cm,8.0cm,51,6,8.5cm,"C:61''
F:62''",0.70%,-2.38%,0.00%,1.80%,61.0'',50,Singeing ?Dryer(5box 60°C)?Sanforized,
X25238,,Regular Finish,"4488x42
10siro(Badsha) X 10rn Cotton/Linen(70+30), 3/1RHT",Natural #1,MKT,60''--61'',,# +/-(3--4)%,9.25 oz,,24/08/2025,223,2508734,100Y,"C:60.5''
F:61.5''",42,15.5cm,12.5cm,50,8,14.5cm,"C:60.5''
F:61.7''",2.10%,-1.40%,0.00%,-0.80%,60.5'',50,Singeing ?Dryer(1box Old Dryer)?Sanforized,
X24244-1,"RN065-04R9S
Face Up",Regular Finish,,,,,,,,,24/08/2025,206,2508744,135Y,"C:57''
F:58''",49,12.0cm,12.0cm,55,6,9.0cm,"C:58''
F:58.8''",-2.27%,-3.90%,-0.86%,-1.40%,58.5'',56,Singeing ?Dryer(5box 60°C)?Sanforized,
X24244-2,"RN065-04R9S
Face Up",Regular Finish,,,,,,,,,24/08/2025,206,2508745,##,"C:57.8''
F:58.7''",49,12.0cm,11.0cm,55,6,8.5cm,"C:58.2''
F:59''",3.50%,-2.80%,-1.20%,-1.80%,58.9'',55,Singeing ?Dryer(5box 60°C)?Sanforized,
X25243,,Regular Finish,"6120X58
14ring(Badsha)X14ring(Badsha), 3/1RHT",Grey#3,SF Denim/ C&A,63''--64'',,#(3--4),9 -- 9.20 oz,,24/08/2025,122,2508750,80Y,"C:64''
F:64.8''",58,19.0cm,15.0cm,66,8,16.5cm,"C:64''
F:64.8''",0.50%,0.90%,-0.30%,-0.60%,63.8'',67,Singeing ?Dryer(5box 60°C)?Sanforized,
X25235,,"Regular Finish
Tencel",,,,,,,,,17/08/2025,203,2508682,35Y,"C:63''
F:64''",39,16.0cm,10.0cm,47,8,11.5cm,"C:62''
F:63.7''",4.20%,1.85%,5.70%,2.20%,59.2'',46,Singeing ?Dryer(5box 60°C)?Sanforized,
X25225,,Regular Finish,"4176X42
7oe CMIA(Badsha)X10-105D N.S , 3/1Broken Twill",Indigo#5,MKT,55''--56'',,#-(14--18)%,12.50 oz,,17/08/2025,220,2508704,05Y,"C:55.5''
F:65.5''",42,0.0cm,,,-42,,,,,,,,,"Broken Twill
Didn’t get any shrinkage data",
X25233,,Regular Finish,,,,,,,,,17/08/2025,217,2508783,90Y,"C:61''
F:62.7''",48,15.5cm,13.5cm,56,8,11.5cm,"C:60''
F:61.7''",2.00%,-1.85%,15.80%,-2.50%,50.5'',56,Singeing ?Dryer(5box 60°C)?Sanforized,
X25226,T-sample,Regular Finish,"4488X41
7oe(Rewinding) X 7oe(Rewinding), 3/1RHT",Indigo,,,,,,,17/08/2025,207,2508716,105Y,"C:63''
F:64''",41,16.0cm,11.0cm,50,9,13.0cm,"C:63''
F:64''",2.50%,0.28%,-3.40%,2.20%,60.8'',49,"Singeing ?Dryer(1Box 50°C)?Sanforized
B-GRADE",
X25224,,Regular Finish,"4488X42
10siro X 10Tencel(Nishat), 3/1RHT",Natural ,Natural Denim,62''--63'',,# +/-(3--4)%,9.25 oz,,19/08/2025,207,2508725,162Y,"C:63''
F:64''",42,18.5cm,12.0cm,48,6,16.0cm,"C:62.2''
F:63.2''",2.50%,3.00%,1.20%,-2.50%,61.5'',49,"Singeing?Dryer(1box old m/c)?Sanforized
Natural",
X25240,,Regular Finish,,,,,,,,,19/08/2025,413,2508704,58Y,"C:60''
F:60.6''",43,16.0cm,14.0cm,50,7,16.0cm,"C:60.5''
F:61.5''",1.43%,0.57%,-1.98%,-0.60%,59.3'',50,Singeing ?Dryer(5box 60°C)?Sanforized,
X24120-1,,Regular Finish,"4025x34
7siro low TM 3.8(Envoy) X6 Tencel(Envoy), 3/1RHT",Indigo#5,MKT,64''--65'',,# +/-(3--4)%,12.00 oz,,19/08/2025,203,2508726,146Y,"C:66''
F:66.8''",34,20.0cm,17.5cm,40,6,18.0cm,"C:64.6''
F:65.5''",3.60%,-1.14%,-2.16%,-0.80%,63.2'',40,Singeing ?Dryer(5box 60°C)?Sanforized,
X25032,,Regular Finish,"4464x48
10rsl(yt-233)Nishat X 16-70D T/Raw(Changzhou, Polyester 100%), 3/1RHT",Blue Black #8D,H&F,52''--53'',,# -(16-20)%,10.00 oz,,25/08/2025,606,2508755,120Y,"C:55''
F:55.8''",48,15.0cm,9.0cm,56,8,9.5cm,"C:52.7''
F:53.5''",3.00%,-1.50%,-18.90%,-2.20%,42.7'',56,Singeing ?Dryer(5box 60°C)?Sanforized,
X25245,RS120-09R5(COPY),Regular Finish,"4464x37
7siro slub 7050(Nishat) X 9oe(Badsha)2:8 X 7oe(Envoy), 2/1 RHT",Blue Black#8D,MKT,62''--63'',,# -(3--4)%,12.00 oz,,20/08/2025,Issue date,2507658,,,,,,,0,,,,,,,,,Singeing ?Dryer(5box 60°C)?Sanforized,
X24187,SR085-01R1,Regular Finish,"4464x42
10siro(Badsha) X 12oe(Physical BCI), 3/1RHT",Natural#1,Windy Group,63''--64'',,#+/-(3--4)%,8.60 oz,,25/08/2025,505,2508734,100Y,"C:63.5''
F:64.2''",42,16.0cm,13.0cm,50,8,16.0cm,"C:63.5''
F:64''",2.43%,-0.70%,-0.47%,0.00%,63.2'',50,Singeing ? Dryer(1box dryer(old))?Sanforized,
X22175-2,,Regular Finish,"4216x40
10ring(Nishat)X10oe(Bashat)+10ring(Nishat), 1:1, 3/1RHT",Dark Indigo#6,SF Denim / C&A,60''--61'',,# +/-(3--4)%,9.20 oz,,25/08/2025,211,2508754,106Y,"C:59.7''
F:60.5''",40,16.0cm,12.0cm,47,7,13.5cm,"C:60''
F:60.7''",0.55%,1.84%,-0.83%,0.00%,59.5'',47,Singeing?Dryer(5box 60°C)?Sanforized,
X25250,RNPS100-29R8D,Regular Finish,"4273x55
12ring(Nihsat)X16-70D TR/Raw changzhou, 3/1RHT",Blue Black#8D,H&F / Philhobar,47''--48'',,(13--17)%,10.00 oz,,30/08/2025,122,25087,20Y,"C:50.5''
F:51.5''",55,14.0cm,11.5cm,64,9,7.5cm,"C:47''
F:47.5''",-6.25%,-5.16%,-20.00%,0.00%,37.6'',64,"Singeing?Dryer(5box 60°C)?Sanforized
Regular Finish 20y & Heat Setting(Rest Qunt.)",
X25241,ST095-03R5(copy),Regular Finish,"4752x38
10oe Indigo:8,White:4(Badsha, BCI) X 10ring(BCI, Nishat), 2/1RHT",Indigo#5,Sterling Zara,64''--65'',,,9.30 oz,,18/08/2025,508,2508749,100Y,"C:65''
F:65.3''",38,14.0cm,12.0cm,45,7,11.5cm,"C:65.2''
F:65.8''",-0.56%,-1.55%,-1.53%,0.00%,64.2'',45,Singeing?Dryer(5box 60°C)?Sanforized,
X25251,,Regular Finish,"4752x42
12siro slub(7053) Nishat  + 12rn slub(yt-204)Nishat X 10rn(Badsha), 3/1RHT",Indigo#5,Echotex-Sainbury,62''--63'',,#+/-(3--4)%,8.75 oz,,28/08/2025,122,2508769,60Y,"C:62.3''
F:63''",42,17.0cm,13.0cm,49,7,10.5cm,"C:63''
F:63.8''",0.20%,-2.00%,-0.40%,-1.00%,62.7'',49,Singeing?Dryer(5box 60°c)?Sanforized,
X25244-1,RN065-04R9S(new),Regular Finish,"4838x49
16rsl(yt-161)Nishat + 16rn(Nishat) 3:7 X 16ring(Nishat), 2/1RHT",Black#9S,Tribury/Michael Kors,57''--58'',,(3--4)%,6.70 oz,,20/08/2025,Issue date,,,,,,,,0,,,,,,,,,,
X25244-2,RN065-04R9S(new),Regular Finish,"4838x49
16rsl(yt-161)Nishat + 16rn(Nishat) 3:7 X 16ring(Nishat)+16oe(Ginni) , 2/1RHT",Black#9S,Tribury/ Michael Kors,57''--58'',,(3--4)%,7.70 oz,,21/08/2025,Issue date,,,,,,,,0,,,,,,,,,,
X25105,RNS125-03R5,Regular Finish,"3888x46
7ring X 8-40D(Nishat), 3/1 RHT",Indigo#5,Natural Indigo,60''--61'',,#  -(10-14)%,12.50 oz,,22/08/2025,203,2508739,100Y,"C:61.7''
F:62.7''",46,16.5cm,13.5cm,51,5,11.5cm,"C:61''
F:62''",-2.70%,0.60%,-12.70%,-4.10%,53.2'',53,Singeing?Dryer(5box 60°C)?Sanforized,
X23045-2,,Regular Finish,"4752x50
10rsl(yt-199)Nishat + 10rsl(yt-233)(Nishat) 1:1 X 16-40D(Nishat)+16-70D(Nishat) 2:1, 3/1RHT",Dark Indigo#6,MKT,52''--53'',,# -(3--7)%,9.80 oz,,30/08/2025,Issue date,,,,,,,,0,,,,,,,,,Singeing + Depending on R&D department,
X24146-2,,Regular Finish,"5022x42
12rn(Nishat)X 12oe(BCI, Badsha)+12rn(Badsha) 1:1 , 2/1RHT",Indigo#5,MKT/ High low effectconcept,63''-64'',,# +/-(3--4)%,8.30 oz,,25/08/2025,321,2509860,130Y,"C:64.8''
F:65.5''",42,10.5cm,7.0cm,50,8,8.5cm,"C :65.5''
F:66''",2.90%,1.10%,-0.40%,2.00%,65.2'',49,Singeing?Dryer(5box 60°C)?Sanforized,
X1511243,PR120-02R5,Regular Finish,"4200X43
7OE(Badsha)x10oe(Badsha), 3/1RHT",Indigo#5,MKT,61''--62'',,# +/-(3--4)%,12.00 oz,,01/09/2025,206,2508770,150Y,"C:60.7''
F:61.5''",43,19.0cm,16.0cm,51,8,16.5cm,"C:61''
F:61.8''",1.80%,0.00%,-2.70%,0.00%,59.3'',51,Singeing?Dryer(5box 60°C)?Sanforized,
X25256,,Regular Finish,"4896x45
10Tencel(Nishat, Lenzin)X10Tencel(Nishat, Lenzing), 3/1RHT",Dark Indigo#6,MKT/ 100% Tencel,61''--62'',,# -(3--4)%,10.3 - 10.5 oz,,04/09/2025,204,2509793,67Y,"C:64.5''
F:65.3''",45,17.0cm,10.5cm,53,8,9.5cm,"C:63.8''
F:64.7''",0.90%,-1.80%,-4.07%,-1.20%,61.2'',52,Singeing?Dryer(5box 60°C)?Sanforized,
X25257,PR125-01L5(copy of),Regular Finish,"4495X38
7oe(Badsha)X8oe(Badsha), 3/1 LHT",Indigo#5,H&F,64''--65'',,# -(3--4)%,12.30 oz,,02/09/2025,123,2508770,80Y,"C:64''
F:65''",38,18.5cm,15.5cm,45,7,15.5cm,"C:64''
F:65''",0.56%,-2.55%,-2.30%,0.00%,62.5'',45,Singeing?Dryer(5box 60°C)?Sanforized,
X25258,RNPS100-29R8D,Regular Finish,"4273X55
12rn(Nishat) X 16-70D(T/Raw)Changzhou ",Blue Black#8D,H&F,52''(cutable),,,,,31/08/2025,Issue date,,,,,,,,0,,,,,,,,,,
X25227,B.Grade ,1box 50°C,,,,,,,,,27/08/2025,305,2508740,100Y,"C:61.5''
F:62.5''",49,14.5cm,11.0cm,57,8,13.0cm,"C:60.7''
F:61.5''",1.27%,2.27%,-3.70%,0.00%,58.4'',57,Singeing?Dryer( 1box 50°C)?Sanforized,
X25259,PR105-08R5(NEW),Regular Process,"4464X43
9oe(Indigo:24,White:24)Badsha X 9oe(Badsha, BCI)+9rn(Nihsat, Physical BCI), 3/1RHT(Stripe)",Indigo#5,Windy / Primark,63''--64'',,# +/-(3--4)%,10.50 oz,,04/09/2025,606,2508791,104Y,"C:64''
F:65''",43,18.0cm,13.5cm,50,7,14.0cm,"C:63.8''
F:64.7''",-1.70%,1.40%,-2.00%,-1.40%,62.5'',50,Singeing?Dryer(5box 60°C)?Sanforized,
X24203,,,"3780X35
7siro Low TM 3.8(Nishat)X 6tencel(Envoy), 3/1RHT",Natural#1,Vouge Sourcing,64''--65'',,# +/-(3--4)%,11.50 oz,,10/09/2025,610,2509809,50Y,"C:66.5''
F:67.5''",35,15.0cm,12.5cm,41,6,15.0cm,"C:65.1''
F:66.2''",4.00%,0.85%,-2.30%,0.00%,63.6'',41,"Singeing?Dryer(1box , old dryer)?Sanforized",
X25262,"RN070-03R6
Recheck",Regular Finish,"5480X55
16ring(Nishat)X16ring(Nishat), 3/1RHT",Black #9L,SF Denim / Top Ten,59''--60'',,#-(3--4)%,7.20 oz,,09/09/2025,303,2509802,80Y,"C:60.7''
F:61.2''",55,16.0cm,12.5cm,62,7,13.0cm,"C:61''
F:61.8''",2.12%,0.00%,-0.30%,0.00%,60.8'',62,Singeing?Dryer(5box 60°C)?Sanforized,
X25261,,Regular Finish,"4968X52
10rls(yt-200)Nishat+10oe(Badsha) 1:9 X 12-40D N.S(Nishat), 3/1RHT",Blue Black #8D,Mr.Masud Karim,60''--61'',,,10.50 oz,,04/09/2025,108,2501041,60Y,"C:62.5''
F:63.5''",52,14.0cm,11.5cm,60,8,11.5cm,"C:61.5''
F:62.5''",-0.40%,2.90%,-18.60%,0.00%,50.0'',60,Singeing?Dryer(1Box 85°C)?Sanforized,
X25264,PR105-08R5(NEW),Regular Finish,"4464X43
9OE(multi strip)X9oe(Nishat)+9rn(Nishat),1:1, 3/1RHT stripe",Indigo#5,STR,63''--64'',,#+/-(3--4)%,10.50 oz,,10/09/2025,606,2509791,150Y,"C:63.3''
F:64.2''",43,15.0cm,13.0cm,50,7,13.5cm,"C:64''
F:64.8''",1.01%,0.57%,-1.56%,-1.80%,63.0'',50,Singeing?Dryer(5box 60°C)?Sanforized,
X25266,,Regular Finish,"4176X42
7oe Low TM(Salek)X6oe(Badsha), 3/1RHT",Black(#9S),Berska,63''--64'',,,13.75 oz,,09/09/2025,220,2509803,88Y,"C:65.4''
F:66.2''",42,16.0cm,11.5cm,51,9,12.0cm,"C:65.6''
F:66.6''",0.27%,0.56%,-2.89%,3.80%,63.7'',49,Singeing?Druyer(5box 60°C)?Sanforized,
X25265,,Regular Finish,"3906X42
7oeLow TM(Salex)X6oe(Badsha), 3/1RHT",Indigo#5,Noize Same,62''--63'',,,13.40 oz,,09/09/2025,105,2509804,120Y,"C:64.7''
F:65.4''",42,16.5cm,12.5cm,50,8,11.5cm,"C:64.7''
F:65.7''",0.42%,-1.26%,-1.85%,2.20%,63.5'',49,Singeing?Dryer(5box 60°C)?Sanforized,
X25267,,,"3752X47
7oe Low TM(Salek) X 10-70D(Nishat, BCI), 3/1RHT",Dark Indigo#6,Defacto,57'',,,12.00 oz,,07/09/2025,610,2507645,30Y,"C:57.2''
F:58.2''",47,12.0cm,10.0cm,56,9,10.0cm,"C:56.5''
F:57''",-0.91%,0.00%,-16.40%,2.20%,47.2'',55,Singeing?Dryer(5box 60°C)?Sanforized,
X25267,,Rest Quantity(regular),"3752X47
7oe Low TM(Salek) X 10-70D(Nishat, BCI), 3/1RHT",Dark Indigo#7,Defacto,57'',,,,,15/09/2025,610,2507646,50Y,"C:58.8''
F:60''",47,13.0cm,8.5cm,54,7,10.0cm,"C:56.8''
F:57.2''",-1.85%,3.40%,-17.60%,-1.00%,46.8'',55,Singeing?Dryer(5box 60°C)?Sanforized,
X24042-1,RNPS100-33L9S,Regular finish,"4752X54
10rsl(YT-233)Nishat X 16-40D T/Raw Xuzhou, Dobby LHT",Black #9S,Just James,58''--59'',,#-((11-15)%,10.00 oz,,14/09/2025,123,2509816,100Y,"C:62.7''
F:63.7''",54,0.0cm,3.0cm,61,7,6.5cm,"C:60''
F:61''",-0.60%,7.50%,-11.60%,-2.20%,53.0'',61,Singeing?Dryer(5box 60°C)?Sanforized,
X25271,,Regular finish,"4176X40
8ring(Nishat) X 8oe(BCI, Badsha) + 10-40D(Nishat, BCI)1:1, 3/1RHT",Indigo#05,Trim Wear,,,,,,09/09/2025,516,2505444,50Y,"C:62.8''
F:63.8''",40,16.0cm,12.5cm,47,7,12.5cm,"C:62''
F:63''",-0.74%,0.74%,-11.29%,0.00%,55.0'',47,Singeing?Dryer(5box 60°C)?Sanforized,
X24229,,RFD+Regular finish,"4692X44
12oeX12oe(Badsha, BCI), 3/1RHT",RFD#11,Encuentro Moda,60''--61'',,#+/-(3--4)%,7.50 oz,,08/09/2025,105,2508688,100Y,"C:60.7''
F:61.5''",44,9.5cm,9.5cm,49,5,11.5cm,"C:60.3''
F:61.3''",-3.50%,1.00%,-0.33%,-3.00%,60.5'',50,RFD?Regular Finish,
X25273,RNPS075-09R5,,"5950x60
20ring(Nishat)+16rsl(yt-161)Nishat+16rsl(yt-165)Nishat(6:2:2)X20-40D T/Raw(Recycle)Xuzhou, 3/1RHT",Indigo#5,Al-Islam Textile/C&A,,,,7.30 oz,,09/09/2025,Issue date,,,,,,,,0,,,,,,,,,,
X140124,RES095-07R6,Regular Finish,"4692X50
7(Badsha)+10oe(Badsha)3:7 X 16-40D N.S(BCI, Spandex, Nishat), 3/1RHT",Dark Indigo#6,Mardy Jeans,57''--58'',,#-(12--16)%,9.50 oz,,15/09/2025,310,2509824,50Y,"C:58''
F:59''",50,13.0cm,11.0cm,58,8,12.0cm,"C:56.8''
F:57.8''",1.09%,1.09%,-17.70%,-1.80%,46.7'',59,Singeing?Dryer(5box 85°C)?Sanforized,
X140124,RES095-07R6,Regular Finish,"4692X50
7(Badsha)+10oe(Badsha)3:7 X 16-40D N.S(BCI, Spandex, Nishat), 3/1RHT",Dark Indigo#7,Mardy Jeans,57''--58'',,#-(12--16)%,10.50 oz,,16/09/2025,310,2509824,Rest.Qunt.,"C:57.8''
F:58.7''",50,12.5cm,10.0cm,57,7,11.5cm,"C:57''
F:57.8''",5.16%,-0.78%,18.20%,-2.90%,46.6'',59,Singeing?Dryer(5box 85°C)?Sanforized,
X22192-1,RN115-32R5,Regular,"4200X43
7ring(Badsha, BCI)X10oe(Badsha), 3/1RHT",Indigo#5,Fashion Tex,61''--62'',,#+/-(3--4)%,11.60 oz,,14/09/2025,223,2509828,100Y,"C:61''
F:61.7''",43,13.0cm,11.5cm,50,7,16.0cm,"C:61.3''
F:62''",4.00%,2.87%,-2.12%,0.00%,60.0'',50,Singeing + Dryer(5box 60°C) + Sanforized,
X25274,,Regular,"3906X47
7oe(Badsha) X 10-70D(Nishat, BCI), 3/1RHT",Dark Indigo#6,Defacto,58''--59'',,#-(15--19)%,12.50 oz,,10/09/2025,107,2508770,20Y,"C:59''
F:59.5''",47,13.5cm,13.0cm,54,7,12.5cm,"C:57.8''
F:58.8''",-0.90%,-2.00%,-17.40%,-1.00%,47.7'',54,Singeing?Dryer(5box 60°C)?Sanforized,
X22258-1,,Regular,"3944X40
7ring 0 (Badsha) X 7oe(Badsha, BCI), 3/1RHT",Indigo#5,Pull & Bear/Fashion Tex,61''--62'',,#+/-(3--4),12.25 oz,,10/09/2025,223.2,2509828,98Y,"C:61.5''
F:62.4'",40,16.0cm,12.0cm,47,7,14.0cm,"C:61.7''
F:62.5''",0.86%,1.43%,-2.40%,-1.40%,60.3'',47,Singeing?Dryer (5box 60°C)?Sanforized,
X24048,,Regular,"4600X45
10rsl(yt-199)Nishat X 10oe(Badsha)+10rsl(yt-199)Nishat (2:1), 3/1RHT",Indigo#5,Echotex,58''--59'',,#+/-(3--4)%,10.20 oz,,13/09/2025,305,2508729,84Y,"C:60''
F:61''",45,13.5cm,11.0cm,52,7,13.0cm,"C:60''
F:60.6''",1.40%,0.50%,-1.30%,-1.00%,59.2'',52,Singeing?Dryer(5box 60°C)?Sanforized,
X24246,,Regular,"4488X42
10siro(Badsha) X 10Tencel(Nishat, Tencel, Lenzing), 3/1RHT",Dark Indigo#6,Natural Denim,61''--62'',,#+/-(3--4)%,9.25 oz,,14/09/2025,413,2508735,103Y,"C:64''
F:64.7''",42,12.5cm,11.0cm,48,6,17.0cm,"C:63''
F:63.7''",4.20%,3.90%,-1.58%,0.00%,62.0'',48,Singeing + Dryer(5box 60°C) + Sanforized,
X25275,,Regular,"4464X50
10siro(Badsha)X10oe(Badsha), 3/1RHT",Indigo#6,MKT,63''--64'',,#+/-(3--4)%,10.00 oz,,14/09/2025,413,2508735,70Y,"C:64.2''
F:65''",50,16.0cm,12.0cm,58,8,14.0cm,"C:64.5''
F:65''",0.00%,2.56%,2.01%,0.00%,63.2'',58,Singeing?Dryer(5box 60°C)?Sanforized,
X25276,"97% Cotton, 3% Poly",Regular,"4464(White-4112,Black-352) X 45
10ring(Badsha)+300D Black(Hanzhou)(35:3)X10OE(Badsha), 2/2 Zigzag",Natural#1,Free Development,63''--64'',,#-(3--4)%,9.50 oz,,25/09/2025,611,2509850,188Y,"C:63.7''
F:64.5''",45,0.0cm,2.5cm,52,7,0.0cm,"C:64.2''
F:65.2''",-3.20%,-2.90%,-0.50%,0.30%,63.5'',53,No Singeing(Only use Brush)?Dryer(1box cold wash)?Sanforized,
X24197,,Regular Finish,"4200X43
7oe(Badsha,BCI)X10oe(Badsha), 3/1RHT",Blue Black#8I,Bitopi Group/Zara,61''--62'',,#+/-(3--4)%,12.00 oz,,18/09/2025,320,2509848,95Y,"C:61.2''
F:62''",43,11.5cm,11.0cm,51,8,14.0cm,"C:61''
F:62''",1.80%,4.10%,-2.40%,0.90%,59.5'',51,Singeing?Dryer(5box 60°C)?Sanforized,
X22034,RS120-09R5,Regular Finish,"4335X37
7oe(Badsha)+9oe Slub(Nishat) 6:4 X 7oe(Badsha, BCI), 2/1RHT",Indigo#5,MBI,62''--63'',,#+/-(3--4)%,12.00 oz,,19/09/2025,605,2509844,12Y,"C:62.2''
F:63''",37,#----,0.0cm,42,5,,,,,,,,,"Singeing?Dryer(5box 60°C)?Sanforized
After Wash Data Not Found in Shrinkage Record",
X25278,,Regular Finish,"4464X45
10siro(Nishat) X 10(50D-50rona), 3/1RHT",Dark Indigo#6,Test Sample,60''Approx,,#-(5--8)%,10.00 oz,,18/09/2025,606,2509822,20Y,"C:57.7''
F:58.7''",45,14.0cm,9.5cm,52,7,11.0cm,"C:57.8''
F:58.5''",-1.70%,2.70%,-2.00%,-1.60%,56.6'',52,Singeing?Dryer(5box 60°C)?Sanforized,
X23297,PR100-05R6,,"4464X40
9oe(BCI, BTL)X10oe(Badsha), 3/1RHT",Dark Indigo#6,Standard Group/George,63''--64'',,#-(3--4)%,9.80 oz,,21/09/2025,305,2509853,100Y,"C:63.8''
F:64.7''",40,17.0cm,13.5cm,48,8,14.5cm,"C:63.8''
F:64.7''",-0.56%,2.40%,-1.50%,1.00%,63.0'',47,Singeing?Dryer(5box 60°)?Sanforized,
X25279,,,"4590X43
9oeX10oe(Badsha), 2/1RHT",Indigo#5,Runway Fashion,64''--65'',,,10.50 oz,,18/09/2025,219,2509839,75Y,"C:65.5''
F:66.4''",43,10.0cm,9.0cm,50,7,9.0cm,"C:65.5''
F:66.5''",0.70%,0.40%,-1.50%,1.00%,64.5'',49,Singeing?Dryer(5box 60°C)?Sanforized,
X25171,,,"4464X44
8siro(Nishat) X 10Tencel(Ring, lenzing)Nishat, 3/1RHT",Indigo#5,Sainsbury,65''--66'',,#+/-(3--4)%,11.00 oz,,20/09/2025,305,2504364,100Y,"C:66''
F:67''",44,21.0cm,19.0cm,52,8,19.5cm,"C:66''
F:66.8''",-0.56%,-0.56%,-1.96%,2.50%,64.7'',50,Singeing?Dryer(5box 60°C)?Sanforized,
X25281,,,"4464X44
8siro(Nishat)X10 Tencel, Ring, Lenzing(Nishat)TM-4, 3/1RHT",Blue Black#8C,Sainsbury,65''--66'',,#+/-(3--4)%,11.00 oz,,23/09/2025,305,2509861,100Y,"C:66.5''
F:67.3''",44,21.0cm,14.5cm,52,8,19.0cm,"C:66''
F:67''",-3.50%,4.00%,-2.27%,1.00%,64.5'',51,Singeing?Dryer(5box 60°C)?Sanforized,
X24015,,,"4968X44
12rn(Nishat)X12rn(Nishat), Box Dobby",Indigo#5,Madry Jeans,62''--63'',,#+/-(3--4)%,8.70 oz,,23/09/2025,121,2509860,148Y,"C:62.7''
F:63.3''",44,18.0cm,11.5cm,51,7,11.5cm,"C:63.4''
F:64''",0.00%,-2.13%,0.00%,-1.80%,63.4'',52,Singeing?Dryer(5box 60°C)?Sanforized,
X23143,,"Regular Finish,Face-up","5760X49
20ring(Nishat)X20ring(Nishat, Compact BCI), Zigzag 3/1",Dark Indigo#6,Madry Jeans,62''--63'',,#+/-(3--4)%,5.70 oz,,23/09/2025,219,2508694,120Y,"C:60.5''
F:61.5''",49,12.0cm,10.0cm,56,7,5.5cm,"C:62.3''
F:63''",-1.26%,-4.00%,-0.48%,0.00%,62.6'',56,Singeing?Dryer(5box 60°C)?Sanforized,
X25280,,,"4896X50
10ring(Badsha)lot-98 X 10ring(Badsha)lot-98, 3/1RHT",Indigo#5,SF Denim/ C&A,60''--61'',,#(3--4)%,10.50 oz,,23/09/2025,510,2509856,60Y,"C:61.5''
F:62.2''",50,17.5cm,13.0cm,58,8,14.5cm,60'',0.00%,2.18%,-2.28%,-2.50%,60.0'',58,Singeing?Dryer(5box 60°C)?Sanforized,
X24239,,"Face down, Regular finish","5508X43
16rn(Nishat)lot-01 X 16rn(Nishat, lot-01), Body",Indigo#5,Master Tex/MKT,62''--63'',,# +/-(3--4)%,6.75 oz,,24/09/2025,219,2507581,90Y,"C:62.8''
F:63.4''",43,0.0cm,0.0cm,50,7,0.0cm,"C:63''
F:63.5''",-1.50%,-1.50%,-0.79%,-2.20%,63.4'',50,Singeing?Dryer(5box 60°C)?Sanforized,
X25284,,Reglular Finishg,"4205X42
7ring X 8ring(Nishat)lot-02, Dobby",Indigo#5,Shahi Textile ,64''--65''(Approx),,#(3--4)%,12.00 oz,,25/09/2025,121,2509828,40Y,"C:64.9''
F:65.6''",42,13.0cm,12.5cm,49,7,12.0cm,"C:64.5''
F:65''",0.00%,-0.10%,-1.00%,0.80%,63.8'',48,Singeing?Dryer(5box 60°C)?Sanforized,
X25283,,Reglular Finishg,"4205X42
7ring X 8OE(Badsha)lot-55, Dobby",Indigo#5,Shahi Textile,64''--65''(Approx),,#-(3--4)%,12.00 oz,,25/09/2025,121,2509828,40Y,"C:64.9''
F:65.6''",42,13.0cm,12.5cm,49,7,13.0cm,"C:64.7''
F:65.4''",0.40%,1.00%,-0.90%,-1.10%,64.1'',48,Singeing?Dryer(5box 60°C)?Sanforized,
X25285,RNPS110-07R9S,,"4176X46
8ring X 12-40D T/Black(Xuzhou) + 12-70D T/black(Xuzhou) 4:1, 3/1RHT",Black #9L,C&A,56''--57'',,#(15--19)%,11.00 oz,,24/09/2025,508,2504317,30Y,"C:59.1''
F:60''",46,15.0cm,11.0cm,54,8,11.0cm,"C:56.8''
F:57.8''",0.74%,-1.79%,-13.30%,0.00%,49.2'',54,Singeing?Dryer(5box 60°C)?Sanforized,
X25286,PR095-01L5,,"5002X38
10ring(Nasht) X 10ring(Nishat), 3/1 LHT",Indigo#5,Baby Shop,64''--65'',,#-(3--4)%,9.50 oz,,23/09/2025,409,2509864,409Y,"C:64''
F:65''",38,13.0cm,13.0cm,44,6,11.0cm,"C:64.4''
F:65.4''",1.45%,0.72%,-0.93%,-3.80%,63.8'',44,Singeing?Dryer(5box 60°C)?Sanforized,
X19224,RN055-07R5,,,,,,,,,,21/09/2025,510,2509808,65Y,"C:56''
F:57''",50,10.0cm,7.5cm,57,7,8.0cm,"C:57''
F:58''",2.80%,-1.50%,-1.70%,0.00%,58.0'',57,Singeing?Dryer(5box 60°C)?Sanforized,
X25171,,Regular Finish,"4464X44
8siro(Nishat)X10Tencel Ring(Lenging)Nishat, 3/1RHT",Indigo#5,Sainsbury,65''--66'',,#+/-(3--4)%,11.00 oz,,29/09/2025,412,2504364,100Y,"C:67''
F:67.5''",44,14.0cm,16.0cm,49,5,19.5cm,"C:66.2''
F:66.8''",2.50%,2.90%,-1.80%,0.00%,65.0'',50,Singeing?Dryer(5box 60°C)?Sanforized,
X1710329,PR120-04HB5,Regular Finish,"4176X43
8oe(Badsha)X8oe(BCI, Badsha), Herringbone",Indigo#5,Windy-Primark,59''--60'',,#+/-(3--4)%,12.00 oz,,29/09/2025,121,2507640,74Y,"C:59.8''
F:60.5''",43,0.0cm,0.0cm,50,7,0.0cm,"C:60''
F:60.8''",0.20%,-0.20%,-4.10%,-0.50%,57.5'',51,Singeing?Dryer(5box 60°C)?Sanforized,
X23286,,Regular Finish,"4464X43
7oe(Blue:21,white:5)Badsha,BCI x 10oe(Badsha), 3/1RHT",Indigo#,Windy-Primark,64''--65'',,#+/-(3--4)%,,,30/09/2025,321,2509888,95Y,"C:64.8''
F:65.5''",43,16.5cm,12.0cm,50,7,16.0cm,"C:65.2''
F:65.8''",3.80%,1.69%,-2.30%,2.00%,63.7'',49,Singeing?Dryer(5box 60°C)?Sanforized,
RNS115-07R9L,Bulk,Regular Finish,,,,,,,,,,,,,"C:60''
F:61''",,14.5cm,12.0cm,57,0,11.0cm,"C:59.5''
F:60.5''",-1.32%,-1.46%,-8.20%,0.00%,54.6'',57,Black padding (140GPL) + Sanforized,
X25282,,,,,,,,,,,24/09/2025,605,2509844,124Y,"C:62.4''
F:63.2''",37,12.0cm,6.5cm,43,6,8.5cm,"C:62.5''
F:63''",0.70%,0.14%,-2.08%,2.00%,61.2'',42,Singeing?Dryer(5box 60°C)?Sanforized,
X25295,,Regular Finish,"4968X43
8oe(BCI,Badsha)X600D, 3/1LHT",Indigo#5,Zara Girls,,,,,,08/10/2025,618,2510898,55Y,"C:66''
F:67''",43,18.0cm,11.5cm,51,8,12.0cm,"C:64.7''
F:65.5''",0.00%,-2.50%,-1.85%,-1.80%,63.5'',51,Singeing?Dryer(5box 60°C)?Sanforized,
X25296,,Regular Finish,"4752X42
7oe(Badsha, CMIA)X10oe(Badsha), 3/1RHT",#---------,Sainbury-Echotex,64''--65'',,#+/-(3--4)%,12.25 oz,,06/10/2025,110,2509889,120Y,"C:66.3''
F:67.3''",42,19.0cm,13.5cm,50,8,16.0cm,"C:66.3''
F:67''",3.00%,2.80%,-2.40%,2.20%,64.7'',49,Singeing?Dryer(5box 60°C)?Sanforized,
X25294,,Regular Finish,"4464X46
9oe X 600D(Hangzhou), 3/1LHT",Indigo#5,Zara Grils,,,#(3--4)%,11.50 oz,,04/10/2025,320,2509853,60Y,"C:58.8''
F:59.8''",46,13.0cm,8.0cm,55,9,9.5cm,"C:57.2''
F:58''",-2.50%,-1.00%,2.09%,-0.80%,56.0'',55,Singeing?Dryer(5box 60°)?Sanforized,
X19005,,,"6480X100
20ring(Nishat)X20rn(Nishat)+150+40D(Hanzhou), (1:2), SBC(LHT",Grey#3,Warptex,49''--50'',,# -(8--12)%,8.50 oz,,04/10/2025,Issue date,,,,,,,,0,,,,,,,,,To go to Heat Setting file getting sample data.,
X25244,,Regular ,"4838X49
16rsl(yt-161)(Nishat) + 16ring(nishat), (3:7) X 16ring(Nishat), 2/1RHT",Black#9S,SQUARE Denim,57''--58'',,#+/-(3--4)%,6.75 oz,,08/10/2025,604,2508744,102Y,"C:57''
F:57.8''",49,9.5cm,8.0cm,56,7,9.5cm,"C:57.8''
F:58.4''",2.40%,-2.80%,0.00%,0.80%,57.8'',55,Singeing?Dryer(5box 60°C)?Sanforized,
X25297,PR120-02R5,Regular ,"4200X43
7oe(CMIA,Badsha) X 10oe(Physical BCI, Badsha), 3/1RHT",Indigo Phless,Defacto,61''--62'',,#+/-(3--4)%,12.00 oz,,10/10/2025,508,2510911,100Y,"C:61''
F:61.8''",43,19.0cm,15.0cm,50,7,16.5cm,"C:61.3''
F:62''",2.80%,-0.10%,-1.70%,-1.00%,60.2'',49,Singeing?Dryer(5box 60°C)?Sanforized,
X25298,PR120-02R5,Regular ,"4200X43
7oc(CMIA, Badsha) X 10oe(PhysicalBCI, Badsha), 3/1RHT",Grey Indigo,Defacto,61''--62'',,#+/-(3--4)%,12.00 oz,,10/10/2025,508,2510910,95Y,"C:61.5''
F:62.4''",43,18.5cm,15.0cm,50,7,15.0cm,"C:61.5''
F:62''",2.40%,0.00%,-2.10%,-1.00%,60.2'',50,Singeing?Dryer(5box 60°C)?Sanforized,
X25301,X25268(copy in siro),Depending on R&D,"4216X41
10siro(Nishat)X7oe(Badsha), 3/1RHT",Dark Indigo#6,STR,65''(full),,#-(6)%,65x41,,13/10/2025,509,2510903,60Y,"C:61.7''
F:62.7''",41,16.0cm,11.0cm,43,2,11.0cm,"C:64.2''
F:65.4''",-1.50%,1.50%,-4.90%,-10.80%,61.0'',49,Singeing?Dryer(1box cold Water)?Heat Setting(cold Water)?Sanforized,
X25300,ST105-02R9S(copy),"Regular Finish
No-Singeing","5184(Indigo:4968, white:220) X 42
10oe(Badsha,BCI)+600D(White)(46:2) X 10oe(Badsha, BCI), 3/1RHT Stripe",Indigo#5,MKT,64''--65'',,#+/-(3--4)%,10.50 oz,,06/10/2025,Issue date,,,,,,,,0,,,,,,,,,No Singeing(Only use Brush),
X25299,,Regular finish,"5000X44
10ring(Nishat)X10ring(Nishat), Multi weave as per design",Indigo#5,C&A,61''--62'',,#(3--4)%,9.80 oz,,10/10/2025,119,2509864,120Y,"C:63''
F:63.7''",48,9.0cm,10.0cm,54,6,10.0cm,"C:63.2''
F:64''",0.70%,-1.10%,-1.80%,-1.00%,62.0'',54,Singeing?Dryer(5box 60°C)?Sanforized,
X25302-1,,Regular Finish,"4176X35
8ring(Nishat)X7ring(Nishat, BCI), Body",Dark Indigo#6,Echotex Sainbury,,,,,,16/10/2025,219,2505444,100Y,"C:64.2'''
F:65.2''",35,6.0cm,5.0cm,42,7,6.0cm,"C:64.8''
F:65.7''",0.40%,0.00%,-2.10%,-1.00%,63.4'',42,Singeing?Dryer(5box 60°C)?Sanforized,
X25302-2,,Regular Finish,"4176X35
8ring(Nishat)X7ring(Badsha), Body",Dark Indigo#6,Echotex Sainbury,,,,,,06/10/2025,Issue date,,,,,,,,0,,,,,,,,,Rgular Finish,
X19224,RN055-07R5(New),Regular Finish,"5360X50
20rn(Nishat, Compact BCI) X 20rn(Nishat ,Compact BCI), 3/1RHT",Indigo#5,Madry Jeans(Stye Zippy),57''--58'',,#+/-(3--4)%,5.60 oz,,12/10/2025,504,2510913,152Y,"C:57.8''
F:58.5''",50,10.5cm,8.0cm,56,6,9.0cm,"C:58.5''
F:59''",2.50%,-1.72%,0.34%,-3.00%,58.7'',58,Singeing?Dryer(5box 60°C)?Sanforized,
X20139,RES105-13R5,Regular Finish,"4400X44
7oe(Badsha, CMIA)+10oe(Badsha,BCI)+12oe(Badsha,physical BCI)(2:3:5) X 10-40D(Nishat, Physical BCI) + 10-70D(Nishat, Physical BCI)(1:1),3/1RHT",Indigo#5,Arrival Fashion,55''--56'',,#-(18--22)%,10.50 oz,,16/10/2025,303,2510925,106Y,"C:55.8''
F:56.7''",44,14.5cm,11.0cm,51,7,9.0cm,"C:54.3''
F:55.3''",-3.40%,-1.20%,-20.40%,-1.90%,43.2'',52,Singeing?Dryer(5box 60°C)?Sanforized,
X25192,,Regular Finish,"3752X42
7oe(Low TM, Salek) X 8-40D(Nishat), 3/1RHT",Dark Indigo#6,PDS/JC Penny,60''--61'',,#-(13--17)%,12.00 oz,,10/10/2025,504-2,2507645,96Y,"C:61.8''
F:62.7''",42,12.0cm,12.0cm,49,7,10.0cm,"C:61''
F:61.8''",0.00%,-1.90%,-14.90%,0.70%,51.9'',48,Singeing?Dryer(5box 60°C)?Sanforized,
X25183,,Regular Finish,"3752X42
7ring + 7oe(Badsha)(1:1) X 8-40D(Nishat), 3/1RHT",Indigo#5,PDS/JC Penny,59''--60'',,#-(13--17)%,12.00 oz,,10/10/2025,504,2507600,100Y,"C:60.2''
F:61.2''",42,15.0cm,12.0cm,48,6,12.0cm,"C:60.2''
F:61''",-1.30%,-1.20%,-14.90%,-1.40%,51.2'',49,singeing + Dryer(5Box 60°C) + Sanforized,
X22112-1(New),RN110-26R5(New),Regular Finish,"4247X35
7ring(Badsha)X10rn(Nishat), 3/1RHT",Indigo#5,SF Denim,61''--62'',,#+/-(3--4)%,11.00 oz,,10/10/2025,508,2510909,155Y,"C:61.8''
F:62.8''",35,15.5cm,14.5cm,42,7,16.0cm,"C:62''
F:63''",2.10%,0.10%,-1.20%,-4.30%,61.2'',42,Singeing?Dryer(5box 60°C)?Sanforized,
X25180,Face Up,Regular Finish,"     5238X42
16oe(XDD) X 12oe(Badsha, Physical BCI), 2/1RHT",Indigo#5,Aman Group,63''--64'',,#+/-(3--4)%,7.00 oz,,30/09/2025,321,2509880,95Y,"C:65''
F:65.5''",42,9.5cm,7.0cm,48,6,8.5cm,"C:64.8''
F:65.5''",-0.28%,0.14%,0.00%,-3.20%,64.8'',49,Singeing?Dryer(5box 60°C)?Sanforized,
X24215-1,ST100-04R5,Regular Finish,"4752X48
10oe(Indigo:8,White:8)Badsha X 10oe(Badsha), 3/1RHT Stripe",Indigo#5,Zara / Drucss WorldWide,64''--65'',,#+/-(3--4)%,9.90 oz,,01/10/2025,307,2509886,150Y,"C:64''
F:65''",48,15.5cm,11.5cm,55,7,14.0cm,"C:64.2''
F:65''",1.43%,2.00%,1.86%,0.00%,63.0'',55,Singeing?Dryer(5box 60°C)?Sanforized,
X20089,PRP110-01R9S,Regular Finish,"4800X45
10oe(Badsha)X600D(Hangzou), 3/1RHT",Black #9S,Salted Basics,,,,,,12/10/2025,504,2504320,100Y,"C:60.2''
F:61''",45,16.0cm,12.0cm,54,9,15.0cm,"C:59.8''
F:60.5''",1.13%,3.20%,-2.30%,0.00%,58.4'',54,Singeing?Dryer(5box 60°C)?Sanforized,
"X25290
B-grade",, ,"4335 X 38
(7oe + 9oe(Slub))(6:4) X 600 D Raw , 2/1RHT",Indigo#5,Stock Bean,,,,,,04/10/2025,605,2509853,592Y,"C:62''
F:63''",38,9.5cm,7.0cm,45,7,9.5cm,"C:61.2''
F:62''",-3.50%,0.70%,-1.63%,2.00%,60.2'',44,Singeing?Dryer(5box 60°C)?Sanforized,
X25286,2nd Runing,Regular Finish,,,,,,,,,08/10/2025,604,2508744,102Y,,,13.0cm,7.5cm,46,0,9.0cm,"C:65.2''
F:66.7''",-3.60%,0.70%,-1.23%,2.80%,64.2'',44,Singeing?Dryer(5box 60°C)?Sanforized,
X25289,,Regular Finish,"4464X40
9oe X 600D Raw, 3/1RHT",Indigo#5,Stock Bean,,,,,,08/10/2025,503,2505561,482Y,"C:64''
F:65''",40,18.0cm,13.5cm,47,7,16.0cm,"C:63''
F:64''",3.50%,3.20%,-1.58%,0.00%,62.0'',47,Singeing?Dryer(5box 60°C)?Sanforized,
"X25288
B-grade",,Regular Finish,"4692X40
12oe(Blue:24, white:6) X 600D Raw, 3/1RHT",Blue white ,Stock Bean,,,,,,30/09/2025,218,2501017,330Y,"C:62.5''
F:63.2''",40,13.0cm,5.0cm,47,7,11.0cm,"C:61.8''
F:62''",-7.10%,0.40%,-1.60%,0.00%,60.5'',47,Singeing?Dryer(5box 60°C)?Sanforized,
X22247,,Regular Finish,,,,,,,,,29/09/2025,121,2505444,150Y,"C:63.5''
F:64.5''",44,15.0cm,13.0cm,50,6,14.0cm,"C:63.9''
F:64.8''",0.40%,-0.20%,-1.50%,-3.40%,62.2'',50,Singeing?Dryer(5box 60°C)?Sanforized,
X25303,RN100-25R5 (copy),Regular Finish,"4600X45 
(10rsl(yt-199)Nishat + 10rsl(yt-233)Nishat)(1:1) X (10oe(Badsha)+10rsl(yt-199)Nishat) (2:1), 3/1RHT",Indigo#5,Echotex,58''--59'',,#+/-(3--4)%,10.20 oz,,13/10/2025,402,2510922,63Y,"C:59.8''
F:60.5''",45,17.5cm,13.5cm,52,7,14.0cm,"C:59.8''
F:60.5''",1.15%,-2.15%,-1.50%,-1.00%,58.9'',53,Singeing?Dryer(5box 60°C)?Sanforized,
X23297,PR100-05R6,Regular Finish,"4464x40
9OE x 10OE(Badsha) , 3/1RHT",Dark Indigo#6,Defacto/Pam Apparel,63''--64'',,#+/-(3--4)%,9.80 oz,,12/10/2025,417,2509853,200Y,"C:64''
F:64.7''",40,18.0cm,14.5cm,47,7,15.5cm,"C:64''
F:64.8''",0.99%,0.00%,-1.56%,-3.00%,63.0'',47,Singeing?Dryer(5box 60°)?Sanforized,
X25306-2,X25292-2,Regular Finish,"3564X40
9rn(Nishat, BCI) + 9siro Slub(Nishat) (6:4) X 12--(75D-DTY) + 40DNS, 3/1RHT",Blue Black#8D,Zara,51''--52'',,# -(19--23)%,8.50 oz,,18/10/2025,222,2510931,60Y,"C:53.5''
F:54.5''",40,7.5cm,10.5cm,47,7,10.5cm,"C:51.8''
F:53''",-0.10%,1.20%,-19.80%,0.00%,41.8'',47,Singeing?Dryer(5box 60°C)?Sanorized,
X25306-1,X25292-2,Regular Finish,"3564X40
9rn(Nishat, BCI) + 9siro Slub(Nishat) (6:4) X 12--(75D-DTY) + 40DNS, 3/1RHT",Blue Black#8D,Zara,51''--52'',,# -(19--23)%,8.50 oz,,21/10/2025,222-1,2510931,55Y,"C:53.5''
F:54.8''",40,15.0cm,12.5cm,47,7,12.0cm,"C:52.5''
F:53.6''",0.00%,-3.80%,-20.00%,-2.00%,42.0'',47,"Singeing?Dryer(5box 60°C, Speed:55m/m)?Sanorized",Sample Developed By Master Chung
X24244,,Regular Finish,"4464X45
10rsl(yt-233)Nishat X 12rn(Nishat, BCI), 3/1RHT",Dark Indigo#6,Trim Wear,63''--64'',,#+/-(3--4)%,9.00 oz,,16/10/2025,303,2510932,100Y,"C:64''
F:64.5''",45,13.0cm,11.0cm,53,8,13.0cm,"C:64''
F:64.7''",4.10%,0.10%,-1.20%,0.60%,63.2'',53,Singeing?Dyrer(1box in 85°C)?Sanforized,
X25305-1,X25293-copy,Regular Finish,"3564X40
9ring(Nishat) + 9siro slub(Nishat)6:4 X 12(75D. T400)-40 Lycra slub(Jiang chaina),3/1RHT",Blue Black#8D,Zara,,,,8.50 oz,,21/10/2025,222,2510931,26Y,"C:53.7''
F:54.8''",40,15.0cm,12.0cm,47,7,12.0cm,"C:52.2''
F:53.3''",2.60%,-0.70%,-18.60%,-0.60%,42.7'',47,Singeing?Dryer(5box 60°C)?Sanforized,Sample Developed By Master Chung
X25305-2,X25293-copy,Regular Finish,"3564X40
9ring(Nishat) + 9siro slub(Nishat)6:4 X 12(75D. T400)-40 Lycra slub(Jiang chaina),3/1RHT",Blue Black#8D,Zara,,,,8.50 oz,,21/10/2025,222,2510931,55Y,"C:53''
F:54.5''",40,15.0cm,12.5cm,47,7,12.0cm,"C:52.3''
F:53.4''",-2.33%,0.62%,-17.70%,-0.80%,43.0'',47,Singeing?Dryer(5box 60°C)?Sanforized,Sample Developed By Master Chung
X25304,,Regular Finish,"4468X42
8ring X 12ring(Nishat , BCI), 2/2",Dark Inidgo#,Natural Denim,,,,,,14/10/2025,507,2510894,56Y,"C:65.7''
F:66.5''",42,1.0cm,4.0cm,50,8,1.5cm,"C:65.8''
F:66''",0.00%,1.41%,-0.45%,0.00%,65.5'',50,Singeing?Dryer(5box 60°C)?Sanforized,
X25308,,Regular Finish,"4320X41
7oe(Badsha, CMIA)+7rsl(Nishat, BCI) (7:3) X 6oe(Badsha), 3/1RHT",Blue Black#8D,Defacto,64''--65'',,,13.75 oz,,18/10/2025,308,25010938,82Y,"C:65''
F:65.7''",41,16.0cm,12.5cm,49,8,12.5cm,"C:65''
F:65.7''",1.44%,-0.70%,-2.70%,-1.00%,63.7'',48,Singeing?Dryer(5box 60°C)?Sanforized,
X1609192-1,,Regular Finish,"5049X48
12ring spum(BCI, Nishat)X12oe(Nishat, BCI), 3/1RHT",Indigo#5,Windo/Zara Baby girls,58''--59'',,#+/-(3--4)%,9.25 oz,,19/10/2025,510,2510936,100Y,"C:59.7''
F:60.5''",48,13.5cm,11.0cm,55,7,13.0cm,"C:60.5''
F:61.2''",2.02%,-0.28%,-1.65%,-1.60%,59.5'',56,Singeing?Dryer(5box 60°C)?Sanforized,
X25307,,Regular Finish,"4752X48
8.5rsl(ty-12)Nishat + 9oe(BCI, Badsha)4:6 X 7oe(Badsha, CMIA), 3/1RHT",Indigo#5,Defacto,,,,12.50 oz,,17/10/2025,217,2510937,75Y,"C:65.4''
F:66.2''",48,15.0cm,10.0cm,56,8,12.0cm,"C:65.2''
F:66.2''",1.42%,1.41%,-2.90%,1.00%,63.3'',55,Singeing?Dryer(5box 60°C)?Sanforized,
X25309,,Regular Finish,"4176x39
8siro(Nishat)X10ring(Nishat), 3/1RHT",Indigo#5,SF Denim,63''--64'',,#(3--4)%,10.00 oz,,16/10/2025,220,2504364,58Y,"C:62.8''
F:63.5''",39,15.5cm,12.0cm,45,6,13.5cm,"C:63''
F:64''",0.40%,2.50%,0.10%,-1.80%,63.1'',46,Singeing?Dryer(5box 60°C)?Sanorized,
X25310,,Regular Finish,"5886X60
20ring(Nishat) X 20ring(Nishat), multi-weave",Dark Indigo#6,Sefl Development/MKT,,,,,,22/10/2025,121,2508694,90Y,"C:63''
F:64''",60,9.0cm,5.5cm,69,9,6.0cm,"C:63.5''
F:64.3''",-2.10%,-2.00%,-0.70%,1.00%,63.0'',68,Singeing?Dryer(5box 60°C)?Sanforized,
X22259-2,RN110-28R5,Regular Finish,"4205x44
8ring(Nishat)X10oe(Badsha), Square Dobby",Indigo#5,Clover Collection/Next,63''--64'',,#+/-(3--4)%,10.80 oz,,18/10/2025,219,2510944,36Y,"C:63.8''
F:64.8''",44,19.5cm,12.5cm,48,4,12.5cm,"C:64''
F:65''",0.14%,1.87%,-1.56%,-2.50%,63.0'',49,Singeing?Dryer(5box 60°C)?Sanforized,
X24089-3,,Regular Finish,"3906X35
7siro Low TM 3.8(Envoy)X6rn(Nishat), 3/1RHT",Indigo#5,Simple Approach,63''--64'',,#+/-(3--4)%,12.00 oz,,17/10/2025,407,2508728,157Y,"C:64.7''
F:65.5''",35,18.0cm,12.5cm,41,6,12.0cm,"C:64.7''
F:65.5''",-1.42%,0.85%,-1.68%,-1.00%,64.0'',42,Singeing + Dryer(5box 60°C) + Sanforized,
X25312,,,"4464X54
10ring(Nishat)X16-40D(Nishat)+16-70D(Nishat)(1:1), 3/1RHT",Blue Black#8D,Just James,55''--56'',,,10.25 oz,,20/10/2025,507,2510948,80Y,"C:55.2''
F:56.2''",54,12.0cm,9.0cm,62,8,9.5cm,"C:54''
F:55''",0.00%,-0.32%,-21.11%,-3.50%,42.6'',63,Singeing?Dryer(5box 60°C )?Sanforized,
X25311,,Regular Finish,"4752X50
10rsl(yt-260)Nishat + 10oe(Badsha)(3:7)X12-40D(Nishat), 3/1RHT",Blue Black#8D,Just James,60''--61'',,,10.25 oz,,20/10/2025,217,2510951,80Y,"C:59.2''
F:60.2''",50,15.0cm,11.0cm,57,7,12.0cm,"C:58.2''
F:59.2''",-0.94%,0.00%,-17.80%,-2.50%,47.8'',59,Singeing?Dryer(5box 60°C)?Sanforized,
X24050-2,,,"4400X42
7oe Low TM(Badsha) X 9oe(Badsha), 3/1RHT",Indigo#5,Just James,61''--62'',,#+/-(3--4)%,12.70 oz,,20/10/2025,101,2510949,122Y,"C:61''
F:62''",42,16.0cm,12.5cm,50,8,14.0cm,"C:61.2''
F:62.2''",0.71%,0.71%,-1.96%,1.00%,60.0'',49,Singeing?Dryer(5box 60°C)?Sanforized,
X25313,,,"4464X44
9rsl(yt-329)Nishat + 9oe(Badsha)(1:1) X 10-40D(Nishat), 3/1RHT",Blue Black #8D,Just James,58''--59'',,,10.70 oz,,22/10/2025,507,2510954,80Y,"C:60.4''
F:61.4''",44,16.5cm,11.5cm,52,8,11.0cm,"C:59.5''
F:60.5''",-1.30%,-2.10%,-17.40%,-0.10%,49.1'',52,Singeing?Dryer(5box 60°C)?Sanforized,
X25110,,Regular Finish,"5184X60
12rsl(yt-199)Nishat X 20rsl(yt-167)Nishat , 3/1RHT",Indigo#5,Standard Group,62''--63'',,#+/-(3--4)%,8.00 oz,,20/10/2025,504,250945,100Y,"C:62.2''
F:63.2''",60,18.0cm,13.5cm,68,8,12.5cm,"C:63''
F:63.8''",0.28%,-0.71%,-0.63%,1.00%,62.6'',67,Singeing + Dryer(5box60°C)+Sanforized,
X25314,ST100-04R5,Regular Finish,"4752X48
10ring(Indigo:8, white:8) X 10ring(Nishat) , 3/1RHT",Indigo#5,Dreuss/Zara,64''--65'',,#+/-(3--4)%,9.90 oz,,19/10/2025,110,2510946,100Y,"C:64''
F:64.7''",48,15.5cm,10.0cm,55,7,14.0cm,"C:64.3''
F:65.2''",3.40%,1.44%,-1.39%,-2.00%,63.4'',55,Singeing?Dryer(5box 60°C)?Sanforized,
X25287,B-Grade,Regular Finish,"4890X40
10oe(Huxing)X600DRaw, 3/1RHT",Indigo#5,Stock Bean,,,,,,10/10/2025,502,2309733,304Y,"C:62''
F:63.5''",40,12.0cm,8.0cm,46,6,11.5cm,"C:61.8''
F:62.5''",1.10%,0.40%,-1.60%,-3.80%,60.8'',48,Singeing?Dryer(5box 60°C)?Sanforized,
X20001-1,SR100-01R5,Regular Finish,"4060X39
10siro(Nishat)X7oe(Badsha), 3/1RHT",Indigo#5,Primark /Windy Group,61''--62'',,#+/-(3--4)%,10.00 oz,,26/10/2025,614,2510965,175Y,"C:61''
F:62''",39,14.0cm,8.5cm,46,7,10.0cm,"C:61.4''
F:62.3''",-2.13%,-0.29%,-0.48%,-1.30%,61.1'',45,singeing + Dryer(5Box 60°C) + Sanforized,
X24237,SR100-01R11,"RFD, Regular Finish","4060X39
10siro(Nishat) X 7oe(Badsha,SMIA) ,",RFD#11,Primark /Windy Group,61''--62'',,#+/-(3--4)%,8.75 oz,,26/10/2025,617,2510966,128Y,"C:62''
F:62.7''",39,10.0cm,10.5cm,43,4,11.0cm,"C:62.5''
F:63.1''",-0.29%,1.16%,-0.48%,-4.80%,62.2'',45,"Singeing?Jigger(Desized)?Dryer(Old, cold water)?Sanforized",
X25318,X24086-1(copy),Regular Finish,"6840X95
20rn(Nishat)X16rn(Nishat, Physical BCI)200-40DRecycle(1:2)(Hanzhou),SBC RHT",Blue Black#8D,Sainbury,53''--54'',,#-(15--19)%,9.50 oz,,23/10/2025,219,2504310,30Y,"C:56.6''
F:58''",95,3.5cm,4.0cm,105,10,5.5cm,"C:53.4''
F:54.6''",1.50%,0.70%,-15.90%,-0.80%,44.9'',108,Singeing?Dryer(5box 60°C)?Sanforized,
X25319,X25307(copy),Regular Finish,"4752X48
8.5rsl(yt-12,Nishat)+9oe(Physical, BCI, Badsha)(4:6)X 7oe(Badsha, CMIA), 3/1RHT",Black#9L,Detacto,,,,13.50 oz,,23/01/1900,110,2510957,100Y,"C:65.1''
F:66''",48,16.0cm,12.0cm,55,7,13.0cm,"C:65.4''
F:66.4''",-0.20%,1.10%,-2.40%,1.50%,63.8'',55,Singeing?Dryer(5box 60°C)?Sanforized,
X25320,X25299-1,Regular Finish,"4968X44
12ring(Nishat)X12ring(Nishat), multi weave",Indigo#5,C&A,64''--65'',,£(3--4)%,8.30 oz,,26/10/2025,219,2510936,94Y,"C:62.8''
F:63.7''",44,13.0cm,10.5cm,51,7,10.0cm,"C:63''
F:63.7''",0.00%,-0.70%,0.00%,0.00%,51.0'',63,Singeing?Dryer(5box 60°C)?Sanforized,
X25321,X22259-1,Regular Finish,"4205X44
8ring(Nishat)X10ring(Nishat), Square Dobby",Indigo#5,Clover Collection/Next,63''--64'',,#(3--4)%,10.80 oz,,28/10/2025,102,2507664,70Y,"C:62.7''
F:63.8''",44,17.0cm,11.0cm,51,7,12.0cm,"C:63''
F:63.8'",0.00%,-0.40%,-1.50%,-1.00%,62.2'',52,Singeing?Dryer(5box 60°C)?Sanforized,
X25322,"RN110-28R5/X22259-2
improve version",Regular Finish,"4205X44
8ring(Nishat)X10ring(Nishat), Square Dobby",Indigo#5,Clover Collection/Next,63''--64'',,#(3--4)%,10.80 oz,,28/10/2025,219,2510944,45Y,"C:62''
F:63''",44,17.0cm,11.0cm,49,5,12.0cm,"C:63.3''
F:64''",0.00%,-1.41%,-0.47%,0.00%,63.0'',49,Singeing?Dryer(5box 60°C)?Sanforized,
X24246,,Regular Finsih,"4488X42
10siro(Nishat)X10Tencel(Lenting Ring)Nishat, 3/1RHT",Dark Indigo#6,Zara Baby Girls / Natural Denim,61''--62'',,#(3--4)%,9.25 oz,,29/10/2025,110,2510964,350Y,"C:63.4''
F:64.4''",42,17.0cm,13.5cm,48,6,15.0cm,"C:63''
F:63.8''",1.50%,-0.90%,-1.50%,-0.80%,61.8'',48,Singeing + Dryer(5box 60°C) + Sanforized,
X25249,,Regular Finish,"6624X55
20rn(Nishat)X20cotton tencel(50+50)% Badsha), 3/1RHT",Indigo#5,MKT,63''--64'',,£+/-(3--4)%,6.50 oz,,28/10/2025,319,2510972,170Y,"C:63''
F:63.7''",55,15.5cm,11.5cm,62,7,13.5cm,"C:63''
F:63.8''",1.26%,-1.40%,-2.38%,-1.00%,64.6'',63,Singeing?Dryer(5box 60°C)?Sanforized,
X25323,,"S.T.F , regular finish","3797X43
7rn(Nishat)X10Tencel(Nishat), 3/1RHT",Dark Indigo£6,Echotex,65.5(Approxmatly),,#-(5--6)%,10.75 oz,,30/10/2025,513,2503253,50Y,"C:63.4''
F:64.4''",43,22.0cm,17.0cm,47,4,16/17cm,"C:66.5''
F:67.2''",1.60%,3.30%,-6.10%,-2.40%,62.4'',49,Singeing?Dryer(5box 60°C)?Sanforized,
X25324,,Regular Finish,"5240X58
16rsl(yt-199)Nishat + 16ring(Nishat)(4:6) X 20ring(Nishat), 3/1RHT",Indigo£5,SF Denim,60''--61'' Approx,,£(3--4)%,6.75 oz,,28/10/2025,504,2510971,85Y,"C:57''
F:58''",58,15.5cm,11.5cm,65,7,12.0cm,"C:58''
F:59''",0.42%,-1.41%,-1.72%,-1.00%,59.0'',66,Singeing?Dryer(5box 60°C)?Sanforized,
X25317-1,X25306(copy),Regular Finish,"3564X40
9rn(Nishat)+9siro slub(7052)(Nishat)(6:4) X 12-(75-Dty)-40D, 3/1RHT",Blue Black£8D,Zara(Style:Gaya),empty,,,,,22/10/2025,222-1,2510931,55Y,"C:51.2''
F:52.5''",40,11.0cm,9.0cm,47,7,9.0cm,"C:50.6''
F:51.7''",-0.90%,-4.40%,-19.70%,-1.80%,40.6'',46,Singeing?Dryer(5box 60°C)?Sanforized,Developed By Master Song
X25315-1,,Regular Finish,"5002X48
9oe(Badsha) X 200-40D(Recycle Poly, Hangzhou)+200-70D(Recycle Poly, Hangzhou)(2:1), 3/1RHT",Indigo#5,C&A/ Test purpose,empty,,,,,22/10/2025,510,2510955,50Y,"C:61''
F:61.2''",48,17.5cm,11.5cm,56,8,14.5cm,"C:58''
F:58.8''",1.66%,2.80%,-12.70%,-1.00%,50.6'',57,Singeing?Dryer(5box 60°C)?Sanforized,
X25315-2,,Regular Finish,"5002X48
9oe(Badsha) X 200-40D(Recycle Poly, Hangzhou)+200-70D(Recycle Poly, Hangzhou)(3:1), 3/1RHT",Indigo#5,C&A/ Test purpose,,,,,,22/10/2025,510,2510955,50Y,"C:61''
F:61.2''",48,17.5cm,11.0cm,56,8,14.0cm,"C:58.5''
F:59.2''",2.20%,1.50%,-14.60%,-1.00%,50.0'',57,Singeing?Dryer(5box 60°C)?Sanforized,
X25316-1,,Regular Finish,"4785X52
9oe(Badsha)X200-40D(Recycle Poly, Hangzhou) + 200-70D(Recycle Poly, Hangzhou)(2:1), 3/1RHT",Indigo£5,C&A / test purpose,empty,,,,,22/10/2025,510,2510955,50Y,"C:60.5''
F:61.2''",52,15.5cm,11.0cm,60,8,13.5cm,"C:57.2''
F:58''",1.36%,1.21%,-13.60%,-1.00%,49.5'',61,Singeing?Dryer(5box 60°C)?Sanforized,
X25316-2,,Regular Finish,"4785X52
9oe(Badsha)X200-40D(Recycle Poly, Hangzhou) + 200-70D(Recycle Poly, Hangzhou)(3:1), 3/1RHT",Indigo£5,C&A / test purpose,,,,,,22/10/2025,510,2510955,50Y,"C:60.5''
F:61.2''",52,15.5cm,10.5cm,60,8,14.0cm,"C:57.5''
F:58''",2.50%,1.60%,-10.90%,-1.00%,51.2'',61,Singeing?Dryer(5box 60°C)?Sanforized,
X25329,X25025-1(copy),Regular Finish,"4176X39
8ring(Nishat)X9oe(Black), 3/1RHT",Grey#03,Zara,64''--65'',,#+/-(3--4)%,10.00 oz,,28/10/2025,102,2507664,70Y,"C:65.8''
F:66.8''",39,17.5cm,13.0cm,46,7,13.5cm,"C:66.2''
F:67.2''",0.80%,1.70%,-1.50%,-3.00%,65.2'',47,Singeing?Dryer(5box 60°C)?Sanforized,
X25328,X25025-1(copy),Regular Finish,"4176X39
8ring(Nishat)X9oe(Black)Shepheard(BD), 3/1RHT",Dark Indigo#6,Zara,64''--65'',,#+/-(3--4)%,10.00 oz,,28/10/2025,220,2505444,62Y,"C:65.6''
F:66.5''",39,16.5cm,12.5cm,46,7,13.5cm,"C:65.2''
F:66.2''",0.43%,1.45%,-0.30%,-4.30%,65.0'',46,Singeing?Dryer(5box 60°C)?Sanforized,
X25306-2,,,"3564X40
9rsl + 9siro slub (Nishat)X 12--(75D-DTY) + 40D(N.S)Nishat, 3/1RHT",Blue Black#8D,,,,,,,21/10/2025,222,2510931,55Y,"C:53.5''''
F:54.8''",40,15.0cm,12.5cm,47,7,12.0cm,"C:52.5''
F:53.6''",3.90%,0.00%,-19.60%,-2.00%,42.0'',46,Singeing?Dryer(5box 60°C)?Sanforized,Sample Developed By Master Chung
X25337,,,"4464X41
9ring slub (yt-393) X 10ring(Nishat), 3/1RHT",Dark Indigo#6,C&A/Style 269753,63''--64'',,#-(3--4)%,9.75 oz,,05/11/2025,108,2507635,50Y,"C:62.8''
F:63.5''",41,19.5cm,14.0cm,48,7,13.5cm,"C:63.6''
F:64.4''",-2.27%,0.28%,-0.15%,0.00%,63.5'',48,Singeing?Dryer(5box 60°C)?Sanforized,
X23220,,,"4200X50
7ring(Badsha)X12ring(Physical BCI), 3/1RHT",Indigo#5,MKT,60''--61'',,#-(3--4)%,11.30 oz,,05/11/2025,411,2510909,100Y,"C:61''
F:62''",50,17.0cm,12.0cm,58,8,15.0cm,"C:61.5''
F:62.3''",0.70%,1.69%,-1.60%,0.00%,60.5'',58,Singeing?Dryer(5box 60°C)?Sanforized,
X25338,B.Grade ,Regular Finish,"5508X46
9oe(Rewindirs)X8rn(Rewind), 3/2RHT",Indigo#5,B-Grade,63''--64'',,#(3--4)%,12----12.25 oz,,11/11/2025,504,2511998,48Y,"C:67''
F:68''",46,15.0cm,13.0cm,52,6,16.5cm,"C:67''
F:68''",3.10%,1.93%,-4.90%,-5.40%,63.7'',55,Singeing?Dryer(1box 50°C)?Sanforized,
T25002,,Regular Finish,"4464X38
7oe(90% cotton)Hanzin X 7oe(Badsha, CMIA) , 3/1 LHT",Indigo#5,H&F Melon,64''--65'',,#+/-(3--4)%,12.50 oz,,04/11/2025,,,,,,,,,0,,,,,,,,,Singeing?Dryer(5box 60°C)?Sanforized,
X20032-3,PRS100-05R5,Regular Finish,"4176 X 50
8oe (Badsha) X 16-40D (Physical Spandex , BIC), 3/1RHT",Indigo#5,Monoara Jahur Apparels Ltd,57''--58'',,#-(15--19)%,10.00 oz,,10/11/2025,121,2510898,200Y,"C:58.5''
F:59.5''",50,16.0cm,11.5cm,58,8,11.5cm,"C:57.4''
F:58.4''",1.50%,-1.50%,-16.70%,-0.80%,47.8'',59,Singeing?Dryer(5box 60°C)?Sanforized,
X25325,PR105-08R5,Regular Finish,"4464 X 43
9oe(Badsha) X 9oe(Badsha) , 3/1 R.H.T",Natural #01,Mardy Jeans,64''--65'',,#+/-(3--4)%,10.50 oz,,29/10/2025,507,2506529,120Y,"C:63.8''
F:64.8''",43,18.5cm,14.0cm,49,6,14.0cm,"C:64''
F:65''",-2.60%,-0.29%,-2.03%,-3.00%,62.7'',51,Singeing?Dryer?Sanforized,
X25326,RN125-08R5,Regular Finish,"4176X44
8ring(Nishat)X6oe(Badsha) , 3/1 R.H.T",Natural #01,Sainsburry,,,,,,29/10/2025,305,2506496,95Y,"C:65.5''
F:66.4''",44,16.0cm,11.5cm,52,8,11.5cm,"C:65.2''
F:66''",0.00%,-1.13%,-2.40%,0.00%,63.6'',52,Singeing?Dryer(5box 60°C)?Sanforized,
X25331,,"Regular finish, Tencel",,,,,,,,,02/11/2025,410,2511985,50Y,"C:66''
F:67''",44,18.0cm,15.0cm,51,7,19.5cm,"C:66.8''
F:67.5''",5.00%,3.14%,-3.20%,0.00%,64.6'',51,Singeing?Dryer(5box 60°C)?Sanforized,
X25322,"RN110-28R5/X22259-2
improve version",Regular finish,"4205X44
8ring(Nishat)X10ring(Nishat), Square Dobby",Indigo#5,Claver Collection/NEXT,63''--64'',,#+/-(3--4)%,10.80 oz,,02/11/2025,219,2510944,120Y,"C:63''
F:64''",44,16.0cm,12.0cm,50,6,11.5cm,"C:63.7''
F:64.5''",-0.70%,-1.41%,-0.78%,-1.00%,63.2'',51,Singeing?Dryer(5box 60°C)?Sanforized,
X25333,,Regular finish,"4644X44
7.5ring Low TM 3.8 (Nishat) X 7OE(CMIA, Badsha), 3/1 R.H.T",Indigo#5,Echotex,65''(cut),,,13.25 oz,,02/11/2025,409,2508706,100Y,"C:65.4''
F:66.2''",44,16.0cm,11.5cm,52,8,12.5cm,"C:65.8''
F:66.8''",0.40%,-0.14%,-2.70%,2.20%,64.0'',51,Singeing?Dryer(5box 60°C)?Sanforized,
PR145-03R6,,Regular finish,"4176X39
6OE(Badsha) X  6OE(Badsha) , 3/1 R.H.T",Dark Indigo#6,Mardy Jeans,62'',,#+/-(3--4),14.70 oz,,02/11/2025,322,2511983,102Y,"C:65.5''
F:66.5''",39,17.5cm,13.5cm,46,7,13.5cm,"C:66''
F:66.8''",0.72%,0.00%,-3.03%,-1.40%,64.0'',46,Singeing?Dryer(5box 60°C)?Sanforized,
X25171,,"Regular finish,Tencel",,,,,,,,,03/11/2025,410,2511985,50Y,"C:65.2''
F:66.2''",44,22.5cm,17.0cm,52,8,19.0cm,"C:65.7''
F:66.4''",1.26%,0.90%,-1.80%,2.20%,64.5'',51,Singeing?Dryer(5box 60°C)?Sanforized,
X25335,,"Regular Finish, RFD","4216X38
7ring(Nishat) X 8ring(Nishat) , 3/1 R.H.T",RFD#11,C&A ,62''--63'',,#+/-(3--4)%,10.75 oz,,05/11/2025,410,2506532,120Y,"C:63.7''
F:64.5''",38,12.0cm,12.5cm,42,4,15.0cm,"C:63.8''
F:64.5''",1.50%,1.70%,-0.60%,-5.00%,63.4'',43,Singeing?Dryer?Sanforized,
X25332,PR120-02R5,Regular Finish,"4200X43
7oe(CMIA, Badsha) X 10oe(Badsha , BCI) , 3/1 R.H.T",Grey Indigo#,Testing(Color Trial),61''--62'',,#+/-(3--4)%,12.00 oz,,05/11/2025,414,2511989,100Y,"C:61''
F:61.8''",43,17.0cm,12.5cm,51,8,15.0cm,"C:61.6''
F:62.5''",1.13%,1.70%,-2.20%,1.00%,60.2'',50,Singeing?Dryer(5box 60°C)?Sanforized,
X25166,,Regular Finish,"3906X39
8oe Low TM (Salek) X 9oe(Physical BCI, Badsha) , 3/1 R.H.T",Indigo#5,Aman Groups,63''--64'',,#+/-(3--4)%,10.00 oz,,06/11/2025,107,2511993,120Y,"C:62.8''
F:63.2''",39,17.0cm,12.5cm,46,7,12.5cm,"C:63.5''
F:64.2''",0.90%,-0.40%,0.60%,1.50%,63.1'',45,Singeing?Dryer(5box 60°C)?Sanforized,
X24239,,Regular Finish,"5508X43
16rn(Nishat, Physical BCI) X 16rn(Physical BCI, Nishat), Dobby",Indigo#5,WINDY,62''--63'',,#+/-(3--4)%,6.75 oz,,06/11/2025,118,2511991,200Y,"C:61.9''
F:62.4''",43,3.0cm,4.0cm,51,8,1.0cm,"C:63''
F:63.6''",-3.80%,-5.60%,-0.70%,-1.40%,63.5'',51,Singeing?Dryer(5box 60°C)?Sanforized,
X22239,,Regular Finish,"5360 X 50
20ring(Nishat) X 20ring(Nishat) , Dobby(3/1RHT+ 1/3 LHT)",Indigo#5,Jerico,59'',,#+/-(3--4)%,5.80 oz,,10/11/2025,117,2510913,115Y,"C:56.2''
F:57.2''",50,0.0cm,4.5cm,57,7,0.0cm,"C:56.5''
F:57.5''",-6.50%,-0.80%,1.70%,-0.70%,57.5'',58,Singeing?Dryer(5box 60°C)?Sanforized(Twill Up),
X25340,X23090-2 copy,Regular Finish,"4464X40
9oe(Rewind) X 8rn(Rewind), 3/1RHT",Indigo#5,B-Grade,,,#(3--4)%,10.50 oz,,11/11/2025,608,2511998,48Y,"C:64.5''
F:65.2''",40,14.5cm,13.5cm,44,4,13.0cm,"C:65''
F:65.8''",0.70%,1.30%,-3.07%,-9.00%,63.0'',48,Singeing?Dryer(1box 50°C)?Sanforized,
X24002-2,,Regular Finish,"4644 X 40
7.5ring Low TM 3.8 (Nishat) X 9oe(Badsha, Physical BCI)",Indigo#5,STR/ Inditex ,65''--66'',,#+/-(3--4)%,11.50 oz,,10/11/2025,504,2508706,160Y,"C:65.5''
F:66.5''",40,19.0cm,13.0cm,47,7,13.0cm,"C:66''
F:66.8''",-1.10%,-0.20%,-0.70%,1.00%,65.5'',47,Singeing?Dryer(5box 60°C)?Sanforized,
X23240-2,,Regular Finish,"4025X43
7siro low TM(Envoy) X 10oe(Badsha) , 3/1RHT",Indigo#5,STR/ Inditex ,63''--64'',,#+/-(3--4)%,11.25 oz,,06/11/2025,,2508728,100Y,,,,,,0,,,,,,,,,Singeing?Dryer(5box 60°C) ?Sanforized,
X25339,,Regular Finish,"4176 X 40
8rn(Physical BCI, Nishat) X 7oe(CMIA, Badsha) + 8-70D(Nishat)(1:1) , 3/1 R.H.T",Indigo#5,Dreuss / Ardene,61''---62'',,,12.50 oz,,05/11/2025,,,40Y,,,,,,0,,,,,,,,,Regular Finish,
X25341,,Regular Finish,"4752X38
7OE(CMIA, Badsha) X 6OE(Badsah), 3/1 L.H.T",Grey#03,Dustin / Tusuka,64''--65'',,#(3--4)%,14.25 oz,,13/11/2025,607,25111010,100Y,"C:65''
F:66''",38,18.0cm,16.0cm,44,6,15.0cm,"C:65.2''
F:66.2''",-0.14%,-0.72%,-2.90%,-1.00%,63.3'',45,Singeing?Dryer(5box 60°C)?Sanforized,
X25343,,Regular Finish,"4752X54
7oe(Badsha) + 10oe(Badsha)(3:7) X 200-70D(Recycle Poly, Spandex, Hanghou), 3/1 R.H.T",Dark Indigo#6,ID Kids,54''--55'',,,10.00 oz,,15/11/2025,607,25111011,100Y,"C:58.8''
F:59.7''",54,19.5cm,12.0cm,63,9,13.0cm,"C:56''
F:57''",4.10%,-3.20%,-13.90%,-1.80%,48.2'',64,Singeing?Dryer(5box 60°C)?Sanforized,
X23097,,Regular Finish,"5400X44
20rsl(yt-167)Nishat + 20rn(Nishat, Physical BCI), 2/1 R.H.T",Dark Indigo#6,Windy Group,57''--58'',,#+/-(3--4)%,5.50 oz,,15/11/2025,203,251104,140Y,"C:57.5''
F:58.4''",44,13.0cm,11cm ,51,7,9.0cm,"C:57.6''
F:58.2''",2.80%,-2.30%,1.30%,-0.20%,58.4'',50,Singeing?Dryer(5box 60°C)?Sanforized,
X25344,,Regular Finish,"4216 X 46
7oe X 9oe(Badsha) , 3/1 R.H.T",Indigo#5,C&A,61''--62'',,#-(3--4)%,12.50 oz,,11/11/2025,223,2511986,60Y,"C:60.7''
F:61.7''",46,13.0cm,11.0cm,54,8,14.5cm,"C:60.8''
F:61.4''",1.50%,3.70%,-3.20%,0.00%,58.8'',54,Singeing?Dryer(5box 60°C)?Sanforized,
X25312,,Regular Finish,"4464 X 54
10ring(Nishat) X 16-40D(Nishat) + 16-70D(Nishat) (1:1)",Blue Black #8D,Just James,53''---54'',,#-(18--22)%,9.75 oz,,11/11/2025,608,2510948,100Y,"C:55.4''
F:56.5''",54,15.5cm,11.5cm,62,8,8.5cm,"C:53.8''
F:54.1''",-4.70%,-0.30%,-20.40%,-2.50%,42.8'',63,Singeing?Dryer(5box 60°C)?Sanforized,
X21123-1,,Regular Finish,"4205X39
8RN(Nishat) X 8oe(BCI, Badsha) , 3/1 R.H.T",Indigo#5,Natural Indigo,64''--65'',,+/-3~4%,11.00 oz,,12/11/2025,309,2511002,102Y,"C:63.8''
F:64.8''",39,19.0cm,14.0cm,47,8,14.0cm,"C:64''
F:64.8''",1.50%,-2.50%,-1.50%,0.00%,63.0'',47,Singeing?Dryer(5box 60°C)?Sanforized,
X25345,,Regular Finish,"4726X45
9OE(Badsha) X 9ring(Milan, PSCP), 3/1 R.H.T",Indigo#5,Primark,61''--62'',,+/-3~4%,11.00 oz,,12/11/2025,608,2510955,50Y,"C:61.5''
F:62.2''",45,16.5cm,13.0cm,52,7,15.0cm,"C:61.5''
F:62.2''",0.70%,1.70%,-2.40%,-1.00%,60.0'',53,Singeing?Dryer(5box 60°C)?Sanforized,
X25310,,Regular Finish,"5886X60
20ring X 20ring , Multiweave",Dark Indigo#6,Bitopi/Pull & Bear,63''--64'',,+/-3~4%,6.25 oz,,18/11/2025,219,2511013,110Y,"C:62.8''
F:63.7''",60,11.0cm,10.0cm,67,7,6.0cm,"C:62''
F:62.8''",-4.00%,-2.80%,-0.80%,0.00%,62.5'',67,Singeing?Dryer(5box 60°C)?Sanforized,
X25346,X25050(copy),Regular Finish,"3888X37
7ring(Nishat, Physical BCI) X 6OE(Badsha), 3/1 R.H.T",Blue Black#8I,Windy / Primark,63~64'',,+/-3~4%,12.00 oz,,15/11/2025,107,25111016,120Y,"C:64''
F:65''",37,13.0cm,14.0cm,44,7,12.0cm,"C:64''
F:65''",-0.70%,-1.40%,-0.70%,-0.50%,63.5'',44,Singeing?Dryer(5box 60°C)?Sanforized,
X25348,ST105-02R9S(copy),Regular Finish,"5184(Indigo:4964,White:220)X42
10OE(Indigo:46&white:2)Badsha, BCI X 10OE(Badsha, BCI), 3/1 R.H.T-stripe",Dark Indigo#5,MKT,64''--65'',,+/-3~4%,10.50 oz,,16/11/2025,510,25111015,142Y,"C:65.2''
F:66.2''",42,19.0cm,14.0cm,49,7,12.5cm,"C:65.8''
F:66.4''",0.20%,-0.10%,-1.50%,-2.40%,64.8'',50,Singeing?Dryer(5box 60°C)?Sanforized,
X25351,,Regular Finish,"4120X45
8rsl(yt-384)Nishat X 12-70D t/Raw Recycle Poly ",Indigo#5,MKT,,,,,,15/11/2025,305,2505433,40Y,"C:56''
F:57''",45,10.5cm,9.5cm,53,8,9.0cm,"C:53''
F:53.7''",1.70%,-4.00%,-17.90%,-1.60%,43.5'',53,Singeing?Dryer(5box 60°C)?Sanforized,
X25351,Rest Quantity,Regular Finish,"4120X45
8rsl(yt-384)Nishat X 12-70D t/Raw Recycle Poly ",Indigo#5,MKT,,,,,,07/12/2025,305,2505433,,"C:56''
F:57''",45,16.5cm,9.5cm,52,7,9.0cm,"C:53.2''
F:54''",0.10%,-1.50%,-16.90%,-1.90%,44.2'',53,Singeing?Dryer(5box 60°C)?Sanforized,
X25349,,,"4176X43
7ring(Nishat) X 12-70D T/Raw(Recycle Poly, Zuzhou) , 3/1R.H.T",Dark Indigo#06,MKT,,,,12.00 oz,,16/11/2025,106,2503253,70Y,"C:60.2''
F:61.2''",43,18.0cm,10.5cm,49,6,11.0cm,"C:57.8''
F:58.8''",2.80%,-2.30%,-18.30%,-3.00%,47.2'',50,Singeing?Dryer(5box 60°C)?Sanforized,
X25350,,,"4176X45
8ring(Nishat) X 12-70D T/Raw(Recycle Poly Spandex, Xuzhou), 3/1 R.H.T",Indigo#5,MKT,,,,,,07/12/2025,309,25111002,100Y,"C:57''
F:58''",45,15.0cm,9.0cm,52,7,10.0cm,"C:54.5''
F:55.5''",-2.40%,2.00%,-17.40%,-1.40%,45.0'',54,Singeing?Dryer(5box 60°C)?Sanforized,
X25355,X25050(copy in 6ring),Regular Finish,"3888X37
6ring(Nishat , lot-01) X 7OE(Badsha), 3/1 R.H.T",Blue Black#8I,Trim Wear,63~64'',,+/-3~4%,12.00 oz,,16/11/2025,107,25111023,100Y,"C:64.2''
F:65.2''",37,19.0cm,15.0cm,44,7,16.0cm,"C:64.8''
F:65.5''",3.20%,0.80%,-1.60%,-0.40%,63.7'',44,Singeing?Dryer(5box 60°C)?Sanforized,
X25354,PR110-12R5 COPY,Regular Finish,"4692 X 45
9OE(Badsha , Physical BCI) X 9oe(Badsha, Physical BCI), 3/1 R.H.T",Indigo#5,Color Test,61~62'',,+/-3~4%,11.00 oz,,16/11/2025,507,25111017,104Y,"C:61''
F:62''",45,18.0cm,14.0cm,52,7,13.0cm,"C:61.7''
F:62.2''",0.20%,0.20%,-2.40%,-2.00%,60.2'',53,Singeing?Dryer(5box 60°C)?Sanforized,
X25352,RNS110-07R8I,,"4464X45
7rsl(Q-476)Nishat + 9oe(Badsha,Physical BCI)(2:8) X 12-70D T/Raw(Recycle Poly, Xuzhou), 3/1 R.H.T",Blue Black#8I,MKT,59~60'' cut,,,11.00 oz,,22/11/2025,209,25111018,100Y,"C:61''
F:62''",45,16.5cm,10.0cm,52,7,10.5cm,"C:57.2''
F:58.2''",0.00%,0.46%,-16.60%,-3.00%,47.7'',54,Singeing?Dryer(5box 60°C)?Sanforized,
X25356,,Regular Finish,"4464X42
7rsl(Nishat)+7oe(Badsha)(4:6) X 7rsl(Nishat)+7OE(Badsha)
(3:1, 1:1, 4:1, 1:1) Multi Ratio,  3/1 R.H.T",Indigo#5,C&A,63~64'',3~4%,3~4%,13~13.20 /oz,,16/11/2025,209,25111020,100Y,"C:65''
F:66''",42,17.5cm,13.0cm,50,8,15.0cm,"C:65.4''
F:66.2''",0.90%,1.80%,-3.30%,0.30%,63.2'',49,Singeing?Dryer(5box 60°C)?Sanforized,
X25353,RNS110-10R6,,"4464X46
9rsl(Nishat) + 9ring(Nishat)(4:6) X 12-70D T/Raw(Recycle Poly, Xuzhou) , 3/1 R.H.T",Dark Indigo#06,MKT,,,,11.00 oz,,20/11/2025,209,25111025,100Y,"C:59.5''
F:60.5''",46,13.5cm,8.5cm,53,7,8.5cm,"C:55.5''
F:56.5''",-0.46%,0.60%,-16.00%,-2.40%,46.6'',54,Singeing?Dryer(5box 60°C) ?Sanforized,
X25357,,Regular Finish,"4120X45
8rsl(yt-384)(Nishat) X 9oe(Badsha) + 9rsl(yt-329)Nishat (2:1), 3/1R.H.T",Indigo#05,STR,,,,11.50 oz,,19/11/2025,309,2505433,136Y,"C:59''
F:60''",45,16.5cm,12.0cm,52,7,12.5cm,"C:59''
F:60''",1.00%,0.00%,-1.60%,-1.00%,58.0'',52,Singeing?Dryer(5box 60°C) ?Sanforized,
X25358,,Regular Finish,"4464X43
10ring(Nishat)X10ring(Nishat), 3/1 R.H.T",Indigo#05,C&A ,64~65''(Approxmatly),0.08,3~4%,9.25~9.50 / oz,,16/11/2025,209,2509864,80Y,"C:62''
F:63''",43,16.5cm,15.0cm,50,7,15.0cm,"C:62.8''
F:63.6''",1.50%,-3.30%,-0.30%,-1.80%,63.0'',50,Singeing?Dryer(5box 60°C)?Sanforized,
X25359,,Regular Finish,"4216X46
7ring(Nishat) X 9ring(Milan) ,3/1 R.H.T",Indigo#5,C&A ,61~62'',-(3~4)%,-(3~4)%,12.50 oz,,17/11/2025,309,25111026,80Y,"C:61.2''
F:62''",46,17.0cm,13.0cm,53,7,15.5cm,"C:61''
F:61.8''",0.80%,1.50%,-1.60%,-1.00%,59.8'',54,Singeing?Dryer(5box 60°C)?Sanforized,
T25003,,,"4464X48
7oe(90% cotton)Huazin X 300-40D(Hangzhou) + 300-70D(Hangzhou)(1:1), 3/1R.H.T",Indigo#5,LC Waikiki,,-(4~8)%,,,,15/11/2025,Issue date,25111000,80Y,,,,,,0,,,,,,,,,It will appear after finish the process,
T25004,,,"4464X45
7oe(90% cotton)Huazin X 450D(Hangzhou) , 3/1 R.H.T",Indigo#5,LC Waikiki,,-(4~8)%,,,,15/11/2025,Issue date,25111000,50Y,,,,,,0,,,,,,,,,It will appear after finish the process,
X22312,PRS100-05R5(Lycra),Regular Finsih,"4176X50
8oe(Badsha) X 16-40D(Lycra)Recycle, Nishat, 3/1R.H.T",Indigo#5,Windy Group/LIDL,57~58'',+/-3~4%,-15~19%,10.00 oz,,22/11/2025,121,25111032,872Y,"C:59.2''
F:60.2''",50,17.0cm,12.5cm,57,7,11.0cm,"C:58.5''
F:59.5''",-2.30%,-0.47%,-17.09%,-2.50%,48.5'',59,Singeing?Dryer(5box 60°C)?Sanforized,
X25360,Face Up,Regular Finsih,"7000X70
40ring X 40ring , 2/1 R.H.T",Grey#3,Uniform Purpose,57~58'',+/-3~4%,+/-3~4%,,,09/12/2025,118,25111142,900Y,"C:55''
F:56''",70,8.0cm,7.5cm,78,8,9.5cm,"C:55.8''
F:56.3''",1.30%,1.30%,-1.70%,-0.50%,56.8'',79,Singeing?Dryer(5box 60°C)?Sanforized,
X25361,X25343-copy,Regular Finsih,"4176X54
7oe(Badsha) + 10oe(Badsha)(3:7) X 200-70D(Recycle Poly, Sapandex, Hanzhour) , 3/1 R.H.T",Dark Indigo#6,ID Kids,54~55'',3~4%,,10.00 oz,,18/11/2025,405,25111011,50Y,"C:55.5''
F:56.5''",54,11.5cm,9.0cm,61,7,10.0cm,"C:62.2''
F:31.2''",2.10%,-1.06%,-27.60%,-1.00%,45.0'',62,Singeing?Dryer(5box 60°C)?Sanforized,
X25362,,Regular Finsih,"3132X32
6ring(Nishat) X 6ring(Nishat) , 3/1 R.H.T",Blue Black#8I,Team Sourcing,64~65'',-(3~4)%,-(3~4)%,,,17/11/2025,107,25111023,60Y,"C:61''
F:62''",32,14.0cm,14.5cm,38,6,15.5cm,"C:61.5''
F:62.3''",-0.14%,1.00%,-0.30%,-2.80%,61.3'',38,Singeing?Dryer(5box 60°C)?Sanforized,
X24187,SR085-01R1,Regular Finish,"4060X42
10siro(Nishat) X 12oe(Physical BCI) , 3/1 R.H.T",Natural# 01,Windy Group,58'',+/-(3~4)%,+/-(3~4)%,8.60 oz,,22/11/2025,105,2510966,77Y,"C:58''
F:58.8''",42,14.0cm,12.0cm,49,7,14.5cm,"C:58.4''
F:59.4''",-4.00%,0.00%,-1.30%,-1.70%,57.6'',50,"Singeing?Dryer(1box , old) ?Sanforized",
X25364,X25342 (copy),Regular Finish,"3888X37
7ring(Nishat) X 7oe(Badsha), 3/1 R.H.T",Blue Black #8I,Primark Windy Group,63~64'',+/-(3~4)%,+/-(3~4)%,12.00 oz,,19/11/2025,105,25111016,100Y,"C:63.5''
F:64.3''",37,17.0cm,15.5cm,43,6,15.0cm,"C:64''
F:65''",-0.85%,0.86%,-1.25%,-1.40%,63.2'',44,Singeing?Dryer(5box 60°C) ?Sanforized,
X22112-1,RN110-26R5,Regular Finsih,"4216X35
7ring(Nishat) X 10Oe(Badsha, Physical BCI) , 3/1 R.H.T",Indigo#5,Aman Graphics & Design,61~62'',+/-(3~4)%,+/-(3~4)%,11.00 oz,,22/11/2025,414,25111026,128Y,"C:61.5''
F:62.2''",35,18.0cm,12.0cm,41,6,15.5cm,"C:62''
F:62.6''",1.18%,1.50%,-2.40%,-2.80%,60.5'',42,Singeing?Dryer(5box 60°C) ?Sanforized,
X25365,,,"5184X58
12rsl(yt-199) Nishat X 20-70D(N.S)Sunray , 3/1 R.H.T",Dark Indigo#6c,Trim Wear,54~55''(cut),,,8.80 oz,,26/11/2025,510,25111049,120Y,"C:
F:",,,,,0,,,,,,,,,"Please, go to Check in Heat Setting File",
X22178-1,RN065-04R5,Regular Finish,"4838X49
16rsl(yt-161) Nishat + 16rn(Nishat, BCI) ( 3:7) X 16oe(XDD) + 16ring(Nishat, BCI) (1:1), 2/1 R.H.T",Indigo#5,MKT(Al Muslim),57~58'',+/-(3~4)%,+/-(3~4)%,6.50 oz,,30/11/2025,118,25111055,258Y,"C:58''
F:58.8''",49,7.5cm,7.0cm,56,7,7.0cm,"C:58''
F:58.7''",-0.98%,-0.40%,-0.68%,1.00%,58.4'',55,Singeing?Dryer(5box 60°C)?Sanforized,
X25304,,Regular Finsih,"4468X42
8ring X 12ring(Nishat, BCI), 2/2 ",Dark Indigo#6C,Al Muslim,65~66'',+/-(3~4)%,+/-(3~4)%,10.00 oz,,22/11/2025,215,25111029,90Y,"C:65.2''
F:66.2''",42,0.0cm,0.0cm,50,8,1.0cm,"C:65.5''
F:66.5''",-2.12%,-1.50%,-0.30%,0.00%,65.3'',50,Singeing?Dryer(5box 60°C)?Sanforized(Twill down),
X23246,,Regular finsih,"4025X40
7siro LOW TM-3.3(Badsha) X 9oe , 3/1 R.H.T",Indigo#5,Al Muslim,65~66'',+/-(3~4)%,+/-(3~4)%,11.50 oz,,20/11/2025,410,25111021,120Y,"C:60.2''
F:61.2''",40,17.0cm,14.5cm,47,7,13.5cm,"C:60.7''
F:61.2''",-1.40%,1.50%,-1.15%,0.00%,60.0'',47,Singeing?Dryer(5box 60°C)?Sanforized,
X25367,X25344(Improve version),Regular finsih,"4521X43
7oe(Badsha) X 9ring(Milon), 3/1 R.H.T",Indigo#5,C&A,61~62'',-(3~4)%,(3~4)%,12.50~12.50/ oz,,25/11/2025,205,25111052,60Y,"C:62.5''
F:63.2''",43,17.5cm,,49,6,16.0cm,"C:62.7''
F:63''",2.10%,2.10%,-3.50%,-2.50%,60.5'',51,Singeing?Dryer(5box 60°C)?Sanforized,
X24108-2,,Rgular Finish,"4752X50
10rn(Nishat , Physical BCI) X 16-40D(Nishat, Spandex, BCI Physical) + 16-70D(Nishat,Physical BCI spandex)(1:2), 3/1R.H.T",Dark Indigo#6,Tusuka,52~53'',+/-(3~4)%,-(20~24)%,10.5 /oz,,25/11/2025,304,25111050,100Y,"C:56''
F:57''",50,12.5cm,9.5cm,58,8,10.0cm,"C:54''
F:555''",-0.79%,0.00%,-22.20%,-1.80%,42.0'',59,Singeing?Dryer(5box 60°C)?Sanforized,
X25366,X20060,Rgular Finish,"6480X90
16ring(Nishat, Physical BCI) X 12OE(Physical BCI)+16-40D(Nishat, Spandex BCI Physical) SBC(R.H.T)",Blue Black #8D,Tusuka (Team B),54~55'',+/-(3~4)%,-(16~20)%,11.8 /oz,,30/11/2025,219,25111054,100Y,"C:57''
F:57.8''",90,3.5cm,4.0cm,102,12,5.0cm,"C:55.6''
F:57''",-0.31%,2.30%,-20.30%,-1.80%,44.3'',108,Singeing?Dryer(5box 60°C) ?Sanforized(Face Down),
X24197,,Regular Finish,"4200X43
7oe(Badsha) X 10oe(Badsha, Physical BCI) , 3/1 R.H.T",Blue Black#8I,Florence Group(Team B),61~62'',+/-(3~4)%,+/-(3~4)%,12.00 oz,,25/11/2025,411,2509840,128Y,"C:61.4''
F:62.2''",43,17.5cm,13.0cm,50,7,16.0cm,"C:61.2''
F:62.2''",2.50%,1.40%,-2.60%,-1.00%,59.6'',51,Singeing?Dryer(5box 60°C)?Sanforized,
X25374,X25364(copy),Regular Finish,"3888X39
7ring(Nishat) X 7oe(Badsha) , 3/1 R.H.T",Blue Black,Primark,63~64'',(3~4)%,(3~4)%,12.00 oz,,26/11/2025,410,25111060,100Y,"C:64''
F:65''",39,16.0cm,14.0cm,45,6,16.0cm,"C:63.6''
F:64.7''",1.80%,0.20%,-1.70%,-2.00%,62.5'',46,Singeing?Dryer(5box 60°C)?Sanforized,
X25240-2,,Regular Finish,Lets get the construction number from the sample paper,,,,,,,,16/11/2025,106,25111021,80Y,"C:62''
F:63''",43,16.5cm,14.0cm,50,7,15.0cm,"C:
F:",,,,,,,Have to check the process and finishing data,
X24120-1,,Regular Finish,"4025X34
7siro Low TM 3.8(Nishat) X 6Tencel(Nishat, ring), 3/1 R.H.T",Indigo#5,Echotex / Sainsbury,64~65'',+/-(3~4)%,+/-(3~4)%,12.00 oz,,30/11/2025,301,25111063,180Y,"C:65''
F:66''",34,19.0cm,14.5cm,41,7,17.0cm,"C:64.7''
F:65.7''",4.00%,0.00%,-2.30%,2.00%,63.2'',39,Singeing?Dryer(5box 60°C)?Sanforized,
X24246,TN090-01R6,Regular Finish,"4488X42
10Siro(Badsha) X 10Tencel(Badsha) , 3/1 R.H.T",Dark Indigo#6,Natural Denim(Team B),61~62'',+/-(3~4)%,+/-(3~4)%,9.25 oz,,26/11/2025,518,2510969,32Y,"C:62.8''
F:66''",42,17.5cm,13.0cm,49,7,17.0cm,"C:62.5''
F:63''",3.20%,2.70%,-1.40%,0.00%,61.5'',49,Singeing?Dryer(5box 60°C)?Sanforized,
X25375,PRS100-05R5,Regular Finish,"4176X50
8oe(Badsha) X 16-40D(T/Raw , Lycra) Huzhou , 3/1R.H.T",Indigo#5,Lidl/Singapur,57~58'',+/-(3~4)%,-(15~19)%,10.00 oz,,30/11/2025,121,25111065,100Y,"C:59.8''
F:60.8''",50,19.0cm,14.0cm,59,9,12.0cm,"C:57.8''
F:58.8''",-1.05%,-2.80%,-12.60%,1.00%,50.5'',58,Singeing?Dryer(5box 60°C)?Sanforized,
X25376,RNS120-04R8D,Regular Finish,"4464X48
7rsl(Q476)(Nishat)+8oe(Badsha)(6:4) X 12-40D(BCI, Nishat), 3/1 R.H.T",Blue Black#8I,Sainsbury /Team B,60~61'',+/-(3~4)%,-(12~16)%,11.75 oz,,30/11/2025,122,25111064,212Y,"C:61.5''
F:62.5''",48,16.5cm,13.5cm,55,7,14.0cm,"C:60.5''
F:61.5''",1.23%,-1.08%,-16.50%,-2.60%,51.5'',55,Singeing?Dryer(5box 60°C)?Sanforized,
X25377,,Regular Finish,"4176X40
8rn(Nishat) X 8oe(Badsha,BCI) + 8-70D(Nishat) , 3/1 R.H.T",Indigo#5,Dreuss/Ardere,61~62'',,,12.25 oz,,30/11/2025,121,25111002,38Y,"C:62.7''
F:63.7''",40,14.0cm,12.5cm,47,7,11.0cm,"C:61.7''
F:62.7''",-1.98%,-0.75%,-13.70%,-1.50%,53.2'',46,Singeing?Dryer(5box 60°C)?Sanforized,
X25320,,Regular Finish,"4968X44
12ring(Nishat) X 12ring(Nishat), Multiweave",Indigo#5,Cross Line/Pull&Bear,62~63'',+/-(3~4)%,+/-(3~4)%,8.50 oz,,30/11/2025,319,2510936,168Y,"C:62.2''
F:63''",44,14.0cm,12.0cm,50,6,10.5cm,"C:62.8''
F:63.6''",-3.90%,1.00%,0.00%,-24.00%,62.8'',51,Singeing?Dryer(5box 60°C)?Sanforized,
X24246(yarn test),TN090-01R6,Regular Finish,"4488x42
10siro(organic, Nishat) X 10Tencel(Badsha) , 3/1R.H.T",Dark Indigo#6,Natural Denim,61~62'',+/-(3~4)%,+/-(3~4)%,9.25 oz,,30/11/2025,201,25111068,10Y,"C:62''
F:62.8''",42,16.5cm,13.5cm,48,6,14.0cm,,,,,,,,Singeing?Dryer(5box 60°C)?Sanforized,
X25380,X25370,Regular Finish,"3888X42
9ring(Milon) + 9siro slub(Nishat) X 12-40D T/Raw (Recyle),Xuzhou + 12-70D T/Raw(Recycle) 2:1(Xuzhou) , 3/1 R.H.T",Blue black #8D,C&A / Winter Quilts,54~55'',-(3~4)%,,9.50 oz,,30/11/2025,410,25111048,60Y,"C:59''
F:60''",42,14.0cm,8.0cm,48,6,9.5cm,"C:54.8''
F:55.5''",4.50%,-0.93%,-18.40%,-1.50%,44.7'',48,Singeing?Dryer(5box 60°C)?Sanforized,
X25379,X25370,Regular Finish,"3888X42
9ring(Milon)+9siro slub(7052 , Nishat)(6:4) X 12-40D T/Raw(Recycle , Xuzhou) 3/1 R.H.T",Blue Black#8D,C&A/Winter Quitts,54~55'',-(3~4)%,,9.50 oz,,30/11/2025,410,25111048,60Y,"C:60''
F:61''",42,13.5cm,9.0cm,48,6,10.0cm,"C:56.5''
F:57.2''",-1.23%,2.30%,-15.90%,-1.40%,47.5'',48,Singeing?Dryer(5box 60°C)?Sanforized,
X19142,,,"6480X58
16oe(XDD) X150-40D(N.S, Hangzhou, Black)+150-70D(N.S, Zheliang Tex, Black), Sateen(R.H.T)",Black#9S,Next -N.S sourcing,50~51'',-(3~4)%,-(13~17)%,8.60 oz,,02/12/2025,219,25111069,30Y,"C:54''
F:55''",58,14.0cm,9.5cm,65,7,7.5cm,"C:49''
F:50''",1.60%,-4.00%,-15.10%,0.00%,41.6'',65,Singeing?Dryer(5box  60°C)?Sanforized,
X19142,Rest Quantity,,"6480X58
16oe(XDD) X150-40D(N.S, Hangzhou, Black)+150-70D(N.S, Zheliang Tex, Black), Sateen(R.H.T)",Black#9S,Next -N.S sourcing,50~51'',-(3~4)%,-(13~17)%,9.60 oz,,06/12/2025,219,25111069,,"C:54''
F:55.2''",58,7.0cm,5.5cm,63,5,7.5cm,"C:51''
F:52''",-0.70%,2.30%,-17.00%,-1.00%,42.3'',64,Singeing?Dryer(5box  60°C)?Sanforized,
X25378,,Regular Finish,"4464X40
7siro(Nishat) X 10oe(Badsha) , 3/1R.H.T",Dark Indigo#,Natural Indigo#6c,,,,,,02/12/2025,111,25111072,80Y,"C:66.6''
F:67.4''",40,15.0cm,14.5cm,47,7,16.5cm,"C:66.6''
F:67.4''",6.30%,-1.70%,-2.80%,-2.60%,64.7'',46,Singeing?Dryer(1Box 85°C)?Sanforized,
X25310,,Regular Finish,"5886X60
20ring(Nishat)X20ring(Nishat) , Multweave",Dark Indigo#6,Bitopi/Pull & Bear,63~64'',+/-(3~4)%,+/-(3~4)%,6.25 oz,,29/11/2025,,,,,,,,,0,,,,,,,,,Singeing?Dryer(5box 60°C)?Sanforized,
X1712415,PR120-02R11,RFD+Regular finish,"4200X43
7OE(Badsha,Organic) X 10OE(Badsha,BCI) , 3/1 R.H.T",RFD#11,Echotex,60~61'',-(3~6)%,+/-(3~4)%,10.50 oz,,02/12/2025,411,25111075,122Y,"C:61.2''
F:62''",43,13.5cm,12.5cm,48,5,14.5cm,"C:61.5''
F:62.5''",2.60%,0.00%,-1.60%,-3.50%,60.5'',48,"Singeing?Dryer(1box old m/c)?Sanforized
Natural",
X25370,,Regular Finish,"3888X42
9ring(Milan)+9siro slub(Nishat) X 12(75D DTY)-40D(Xuzhou), 3/1R.H.T",Blue Black#8D,C&A(Winter-Quilts,54~55'',-(3~4)%,,9.25~9.50 /oz,,,,,,,,,,,0,,,,,,,,,Singeing?Dryer(5box 60°C)?Sanforized,
X25368,"RNS110-07R8I
COPY:2PPI less in lycra",Regular Finish,"4464X43
7rsl(q-476)Nishat + 9oe(Badsha)(2:8) X 12-40D(Lycra, Nishat, PCW, 77% Cotton) , 3/1 R.H.T",Blue Black #8I,Sainsburry,59~60'',+/-(3~4)%,-(16~20)%,11.00 oz,,27/11/2025,303,25111057,30Y,"C:60.6''
F:62''",43,18.5cm,11.5cm,49,6,11.5cm,"C:60''
F:61''",0.00%,-0.80%,-20.60%,-3.50%,47.6'',52,Singeing?Dryer(5box 60°C)?Sanforized,
X23079,,Regular Finish,"4200X44
7oe(Badsha)X9oe(Badsha) , Zigzag 3/1",Black#9L,Bitpol/LPP,64~65'',+/-(3~4)%,+/-(3~4)%,12.30 oz,,27/11/2025,306,25111051,96Y,"C:61.2''
F:62''",44,1.0cm,1.0cm,52,8,1.0cm,"C:61''
F:62''",-1.14%,0.80%,-3.60%,0.00%,58.8'',52,Singeing?Dryer(5box 60°C)?Sanforized,
X25369,RNS110-07R8I,Regular Finish,"4464X45
7rsl(q-476)Nishat + 9oe(Badsha, BCI)(2:8) X 12-40D(Lycra , Nishat, 20% PCW, 77%Cotton), 3/1 R.H.T",Blue Black#8I,Sainsburry,59~60'',+/-(3~4)%,-(16~20)%,11.00 oz,,26/11/2025,303,25111057,30Y,"C:60.5''
F:61.8''",45,17.0cm,14.0cm,53,8,12.0cm,"C:60''
F:61''",-2.60%,0.00%,-18.80%,-2.70%,48.7'',54,Singeing?Dryer(5box 60°C)?Sanforized,
X24033,PR115-07R5,Regular Finish,"4644X44
8oe(BCI , Badsha) X 9oe(Badsha) , 3/1R.H.T",Indigo#5,Laila Style,64~65'',+/-(3~4)%,+/-(3~4)%,11.50 oz,,06/12/2025,407,25121084,103Y,"C:65''
F:66''",43,18.0cm,12.5cm,48,5,15.0cm,"C:65''
F:66''",0.40%,2.90%,-1.80%,-3.90%,63.8'',50,Singeing?Dryer(5box 60°C)?Sanforized,
X25383,X25371,Regular Finish,"3888X42
9ring(Milan)+9siro slub(Nishat)(6:4) X 12-40D T/Black(Recycle, Xuzhou) 3/1 R.H.T",Black#9L,Winter Qilts/ C&A,53~54'',-(3~4)%,,9.25~9.50 /oz,,30/11/2025,410,25111047,60Y,"C:57.8''
F:58.7''",42,13.5cm,11.0cm,48,6,10.0cm,"C:56.8''
F:57.6''",-3.05%,0.30%,-15.40%,0.00%,48.0'',48,Singeing?Dryer(5box 60°C)?Sanforized,
X25382,X25371,Regular Finish,"3888X42
9ring(Milan)+9siro slub(Nishat)(6:4) X 12-40D T/black Recycle(Xuzhou)+12-70D T/Black Recycle(Xuzhou) (2:1) , 3/1 R.H.T",Black#9L,Winter Qilts/ C&A,53~54'',-(3~4)%,,9.25~9.50 /oz,,30/11/2025,410,25111047,60Y,"C:57.8''
F:58.8''",42,9.0cm,8.0cm,47,5,10.0cm,"C:54.5''
F:55.3''",5.00%,-2.70%,-16.80%,-1.80%,45.3'',48,Singeing?Dryer(5box 60°C)?Sanforized,
X25373,RNPS110-08R6C,Regular Finish,"4176X42
8ring(Nishat) + 12-40D (T/Raw)Xuzhou + 12-70D T/Raw(Xuzhou)",Dark Indigo#6c,Artistic Design/KOHLS,,,,,,22/11/2025,508,25111029,84Y,"C:61.4''
F:62.4''",42,15.0cm,11.0cm,49,7,11.0cm,"C:58.4''
F:59.4''",1.80%,-1.80%,-16.70%,-1.50%,48.6'',50,Singeing?Dryer(5box 60°C)?Sanforized,
X21186-1,PR105-06R5,Bulk Fabrics(test),,,,,,,,,24/11/2025,,,106Y,"C:65.5''
F:66.5''",39,16.0cm,13.0cm,46,7,12.5cm,"C:65.7''
F:66.5''",-0.20%,0.10%,-2.20%,-1.00%,64.2'',46,Singeing?Dryer(1box 60°C)?Sanforized(Re-process),
X21239-1,RNPS095-26R9S,Regular Finish,"4752X55
12rsl(yt-199)Nishat X 20-40D Polyester/Black(Xuzhou) + 20-70D Polyester(Changzhou),3/1 R.H.T",Black#9S,Standard Group/George,48~49'',+/-(3~4)%,-(13~17)%,9.30 oz,,06/12/2025,110,25121085,100Y,"C:56.6''
F:57.5''",55,15.0cm,6.5cm,63,8,8.0cm,"C:53''
F:54''",2.60%,-0.60%,-16.00%,-1.30%,44.5'',64,Singeing?Dryer(5box 60°C)?Sanforized,
X25386,X25370,Regular Finish,"3888X42
9ring(Milan)+9siro slub(Nishat)(6:4)X 12-40D T/raw Recycle(Xuzhou)+12-70D T/Raw Recycle(Xuzhou)(1:2), 3/1R.H.T",Blue Black#8D,Winter Qilts/ C&A,54~55'',+/-(3~4)%,,9.50 oz,,06/12/2025,28,25111048,28Y,"C:57''
F:58.2''",42,12.0cm,8.5cm,48,6,9.5cm,"C:53.2''
F:54.2''",-1.80%,4.90%,-17.80%,-1.60%,43.7'',49,Singeing?Dryer(5box 60°C)?Sanforized,
X25387,X25370,,"3888X40
9ring(milan) + 9siro slub(nishat)(6:4)X 12-40D(Nishat), 3/1 R.H.T",Blue Black#8D,Winter Qilts/ C&A,,/-(3~4)%,,,,02/12/2025,,25111048,02Y,,,,,,0,,,,,,,,,Fabric process will now depend on R&D department’s evaluation; updates will follow after their review,
X25388,X25370,,"3888X40
9ring(Milan) + 9siro slub(Nishat)(6:4) X 12(75D DTY)-40D(Xuzhou), 3/1 R.H.T",Blue Black#8D,Winter Qilts/ C&A,,/-(3~4)%,,,,02/12/2025,,25111048,02Y,,,,,,0,,,,,,,,,Fabric process will now depend on R&D department’s evaluation; updates will follow after their review,
X25389,X25370,,"3888X40
9ring(Milan) + 9siro slub(Nishat)(6:4) X 12(75D ZT) - (20D+20D), 3/1 R.H.T",Blue Black#8D,Winter Qilts/ C&A,,/-(3~4)%,,,,02/12/2025,,25111048,,,,,,,0,,,,,,,,,Fabric process will now depend on R&D department’s evaluation; updates will follow after their review,
X25390,X25370,,"3888X40
9ring(Milan) + 9siro slub(Nishat)(6:4) X 12(75D ZT) - (20D+20D), 3/1 R.H.T",Blue Black#8D,Winter Qilts/ C&A,,/-(3~4)%,,,,02/12/2025,,25111048,02Y,,,,,,0,,,,,,,,,Fabric process will now depend on R&D department’s evaluation; updates will follow after their review,
X25391,,,"4176X42
8oe(Badsha) X 8-40D(Nishat) , Herringbone",Indigo#5,MBI InterNational,,,,11.00 oz,,02/12/2025,,25111065,100Y,,,,,,0,,,,,,,,,Fabric process will now depend on R&D department’s evaluation; updates will follow after their review,
X25192,,Regular Finish,"3752X42
7oe( Low TM)Salek) X 8-40D(BCI , Nishat) , 3/1 R.H.T",Dark Indigo#6,Echotex(Team B),60~61'',+/-(3~4)%,-(13~17)%,12.00 oz,,08/12/2025,301,25121087,120Y,"C:61''
F:62''",42,15.0cm,11.0cm,50,8,11.0cm,"C:59.7''
F:60.5''",-0.70%,-0.30%,-11.20%,0.50%,50.0'',49,Singeing?Dreyer(5box 60°C)?Sanforized,
X25396,"X25374,X25364",Regular Finish,"3888X39
7rn(Nishat)X7oe(Badsha) , 3/1 R.H.T",Blue Black##8D,Primark,63~64'',+/-(3~4)%,+/-(3~4)%,11.75 oz,04/12/2025,10/12/2025,308,25121097,75Y,"C:64''
F:65''",39,16.0cm,12.0cm,46,7,15.0cm,"C:64''
F:64.7''",3.15%,-0.17%,-1.50%,-0.70%,63.0'',46,Singeing?Dreyer(5box 60°C)?Sanforized,
X24146-2,,Regular Finish,"5022X42
12rn(Badsha)X12oe(Badsha) + 12rn(Badsha) (1:1) , 2/1R.H.T",Indigo#5,Todorknight LTd.,63~64'',+/-(3~4)%,+/-(3~4)%,8.30 oz,06/12/2025,11/12/2025,118,2510936,80Y,"C:64''
F:64.5''",42,10.0cm,9.0cm,48,6,9.0cm,"C :64''
F:65''",-1.00%,0.50%,0.00%,-2.40%,64.0'',50,Singeing?Dryer(5box 60°C)?Sanforized,
X25398,,Regular Finish,"4176X40
7siro(Nishat) X 10oe(Badsha) , 3/1 R.H.T",Dark Indigo#6C,Natural Indigo(Team B),,+/-(3~4)%,+/-(3~4)%,11.25 oz,,07/12/2025,121,25111072,60Y,"C:62''
F:63''",40,17.0cm,13.0cm,47,7,16.5cm,"C:65''
F:65.8''",3.20%,2.10%,-1.50%,-0.20%,64.0'',47,Singeing?Dryer(5box 60°C)?Sanforized,
X25400,,Regular Finish,"4176X41
7siro(Nishat) X 10oe(Badsha) , 3/1R.H.T",Dark Inidog#6C,Natural Indigo,64~65'',+/-(3~4)%,+/-(3~4)%,10.75 oz,08/12/2025,11/12/2025,121,25121103,58Y,"C:66''
F:66.8''",41,17.5cm,12.5cm,48,7,15.5cm,"C:64.8''
F:65.5''",3.80%,0.80%,-2.30%,-1.00%,63.3'',49,Singeing?Dryer(5box 60°C)?Sanforized,
X25403,X25364(copy),Regular Finish,"3888X39
7rn(Nishat) X 7oe(Badsha) , 3/1 R.H.T",Blue Black#8C,MKT,63~64'',+/-(3~4)%,+/-(3~4)%,11.76 oz,09/12/2025,14/12/2025,308-2,25121108,70Y,"C:63.8''
F:64.7''",39,17.0cm,13.0cm,45,6,15.5cm,"C:64''
F:65''",0.70%,3.00%,-1.90%,-1.40%,62.8'',46,Singeing?Dryer(5box 60°C)?Sanforized,
X25405,X25364(copy),Regular Finish,"3888X39
7rn(Nishat) X 7oe(Badsha) , 3/1 R.H.T",Blue Black#8D,MKT(Color yds N/A),63~64'',+/-(3~4)%,+/-(3~4)%,11.75 oz,09/12/2025,14/12/2025,308,25121107,75Y,"C:64''
F:65.2''",39,17.0cm,13.0cm,46,7,15.5cm,"C:64''
F:64.8''",0.96%,1.50%,-1.50%,0.00%,63.0'',46,Singeing?Dryer(5box 60°C)?Sanforized,
X25404,X25364(copy),Regular Finish,"3888X39
7rn(Nishat) X 7oe(Badsha) , 3/1 R.H.T",Blue black#8E,MKT(Color yds N/A),63~64'',+/-(3~4)%,+/-(3~4)%,11.75 oz,09/12/2025,18/12/2025,308,21106,100Y,"C:63.5''
F:64.5''",39,20.5cm,15.5cm,45,6,14.5cm,"C:64''
F:64.8''",2.18%,-1.58%,-2.34%,-2.50%,62.5'',46,Singeing?Dryer(5box 60°C)?Sanforized,
X19025-2,RN130-03R6,Regular Finish,"4200X45
7rsl(Q-476)Nishat + 7oe(Badsha)4:6 X 6oe(Badsha)+8oe(Badsha)(1:2, 1:5,1:3), 3/1R.H.T",Dark Indigo#6,Dreuss World Wide LTD/Team B,60~61'',+/-(3~4)%,+/-(3~4)%,13.20 oz,,08/12/2025,404,25121090,115Y,"C:62''
F:63''",45,16.0cm,11.5cm,54,9,13.5cm,"C:62''
F:62.5''",1.40%,0.20%,-2.90%,1.20%,60.2'',52,Singeing?Dryer(5box 60°C)?Sanforized,
X23075-2,,"Natural-1, Regular Finish","4176X48
9ring(Milan Ginnig(India)) X 12oe(Badsha Tex) , 3/1 R.H.T",Natural#1,MBM,62~63'',+/-(3~4)%,+/-(3~4)%,9.70 oz,,08/12/2025,121,25121094,80Y,"C:63.2''
F:64''",48,21.0cm,14.0cm,55,7,16.0cm,"C:63''
F:64''",3.80%,-2.50%,-1.50%,-1.30%,62.0'',57,"Singeing?Dryer(1BOX cold water, Natural-1)?Sanforized",
X25395,PRPS095-04R5,Regular Finish,"5002X48
9oe(Badsha) X 200-40D(Recycle , Hangzhou) , 3/1 R.H.T",indigo#5,C&A,57~58'',+/-(3~4)%,-(13~17)%,9.50 oz,,08/12/2025,505,25121088,50Y,"C:62''
F:62.8''",48,15.0cm,12.5cm,56,8,15.5cm,"C:59.5''
F:60''",1.20%,3.00%,-10.90%,-1.80%,53.0'',56,Singeing?Dryer(5box 60°C)?Sanforized,
X1410151,PRP110-01R5,Regular Finish,"4800X45
10oe X 600D(Hangzhou) , 3/1 R.H.T",Indigo#5,just James,59~60'',+/-(3~4)%,+/-(3~4)%,11.00 oz,,09/12/2025,508,25111061,50Y,"C:61.2''
F:62.2''",45,14.0cm,9.0cm,53,8,14.0cm,"C:60.4''
F:61''",4.60%,4.00%,-2.30%,-2.40%,59.0'',54,Singeing?Dryer(5box 60°C)?Sanforized,
X25393,PRPS095-04R5,Regular Finish,"5002X48
9oe(Badsha)X200-40D(Recycle, Hangzhou) + 200-70D(Recycle , Hangzhou)(3:1) , 3/1 R.H.T
",Indigo#5,C&A,57~58'',+/-(3~4)%,-(13~17)%,9.50 oz,,09/12/2025,505,25121088,40Y,"C:62''
F:62.8''",48,14.0cm,10.0cm,56,8,14.5cm,"C:59.8''
F:60.2''",3.00%,6.00%,-15.00%,-2.60%,50.8'',57,Singeing?Dryer(1box 60°C )?Sanforized,
X25394,PRPS095-04R6,Regular Finish,"5002X48
9oe(Badsha) X 200-40D(Recyel)(Hanzhou) , 3/1 R.H.T",Indigo#5,C&A,57~58'',+/-(3~4)%,-(13~17)%,9.50 oz,,09/12/2025,505,25121088,46Y,"C:62.5''
F:63.2''",48,14.0cm,9.5cm,55,7,14.0cm,"C:60.7''
F:61.2''",8.10%,3.50%,-12.00%,-3.40%,53.4'',57,Singeing?Dryer(1box 60°C )?Sanforized,
X25401,RN100-12R5,Regular Finish,"4750X50
10rsl(yt-233)Nishat X 12oe(Badsha), 3/1 R.H.T",Black #9S,Mardy Jeans,59~60'',+/-(3~4)%,+/-(3~4)%,10.00 oz,,09/12/2025,508,2509816,100Y,"C:60''
F:61''",50,15.0cm,12.0cm,58,8,13.5cm,"C:60''
F:60.8''",1.20%,1.80%,-2.00%,-0.20%,58.8'',59,Singeing?Dryer(5box 60°C)?Sanforized,
X25215-2,,Regular Finish,"4176X39
7rsl(Q-476)(Nishat) + 7oe(Badsha)(8:2) X 6oe(Badsha), 3/1 R.H.T",indigo#5,Dreuss World Wide LTD/Team B,64~65'',+/-(3~4)%,+/-(3~4)%,13.25 oz,,09/12/2025,121,25121091,115Y,"C:65.3''
F:66.3''",39,16.0cm,13.5cm,47,8,12.0cm,"C:65.8''
F:66.5''",-1.00%,-1.15%,-3.05%,-0.80%,63.8'',47,Singeing?Dryer(5box 60°C)?Sanforized,
X25315-2,,Regular Finish,"5002X48
9oe(Badsha)X200-40D(Recycle)Hangzhou + 200-70D(Recycle)Hanzhou , 3/1 R.H.T",Indigo#5,C&A,57~58'',+/-(3~4)%,-(13~17)%,9.50 oz,,09/12/2025,505,25121088,53Y,"C:61.5''
F:62.2''",48,14.0cm,11.0cm,56,8,14.5cm,"C:59''
F:59.5''",3.50%,2.70%,-12.70%,-1.00%,51.5'',57,Singeing?Dryer(5box 60°C)?Sanforized,
X25384,,Regular Finish,"4464X45
7rsl(Q-476)(Nishat)+9ring(Milan)(2:8) X 12-40D N.S(Nishat, BCI) , 3/1R.H.T",Blue Black#8I,Sainburry/Team B/Testing,59~60'',+/-(3~4)%,-(16~20)%,11.00 oz,,03/12/2025,111,25121079,80Y,"C:60''
F:61''",45,16.0cm,11.5cm,51,6,11.5cm,"C:59.3''
F:60.3''",2.30%,-1.50%,-19.05%,-3.50%,48.0'',51,Singeing?Dryer(5box 60°C)?Sanforized,
X23115,,Regular Finish,"4968X52
9oe(Badsha) x 16-70D T/Raw Recycle , Xuzhou , 3/1 L.H.T",Blue Black#8D,Envoy Group/ Team A,57~58'',+/-(3~4)%,-(11~15)%,11.50 oz,13/12/2025,18/12/2025,322,2512113,120Y,"C:61.8''
F:62.8''",52,16.0cm,11.5cm,61,9,12.0cm,"C:59''
F:60''",-0.45%,-0.76%,-11.18%,-1.80%,52.4'',62,Singeing?Dryer(5box 60°C)?Sanforized,
X25406,X21123-1,Regular Finish,"4205X39
8oe(recycle)x8oe(recycle) , 3/1 R.H.T",Indigo#5,Composition test,64~65'',+/-(3~4)%,+/-(3~4)%,11.00 oz,09/12/2025,14/12/2025,210,25121105,100Y,"C:64.2''
F:65.2''",39,17.0cm,15.0cm,45,6,15.0cm,"C:64.5''
F:65.4''",1.58%,-1.14%,-1.50%,-2.40%,63.5'',46,Singeing?Dryer(5box 60°C)?Sanforized,
X24233-1,,"RFD#, Regular Finish","4176X44
7oe(BTL) x 16-40D T/Raw/ Lycra , Xuzhou, 3/1 R.H.T",RFD#11,LIDL/Team A,58~59'',-(3~6)%,-(8~12)%,9.75 oz,10/12/2025,15/12/2025,121,25111075,85Y,"C:60.2''
F:61.3''",44,14.0cm,13.0cm,50,6,13.5cm,"C:58.5''
F:59.5''",0.74%,-2.24%,-9.20%,-2.60%,53.1'',51,"Singeing?Dryer(1box old m/c)?Sanforized ,RFD",
X24233-1,,"RFD#, Regular Finish","4176X44
7oe(BTL) x 16-40D T/Raw/ Lycra , Xuzhou, 3/1 R.H.T",RFD#12,LIDL/Team A,58~59'',-(3~6)%,-(8~12)%,10.75 oz,,17/12/2025,121,2511175,85Y,"C:60''
F:61''",44,15.0cm,14.0cm,50,6,12.5cm,"C:58.8''
F:60''",0.10%,-1.90%,-9.01%,-2.30%,53.5'',50,Singeing?Dryer(1box old dryer )?Sanforized,
X25318,X24086-1(copy) Rest Quantity,Regular Finish,"6840X95
20rn(Nishat)X16rn(Nishat, Physical BCI)200-40DRecycle(1:2)(Hanzhou),SBC RHT",Blue Black#8D,Sainbury,53''--54'',,#-(15--19)%,9.50 oz,,06/12/2025,219,2504310,30Y,"C:56''
F:57.2''",95,6.0cm,5.5cm,109,14,6.5cm,"C:53''
F:53.8''",-1.20%,1.20%,-12.70%,-1.00%,45.8'',111,Singeing?Dryer(5box 60°C)?Sanforized,
X25408,,Regular Finish,"4131X42
7ring(Nishat) + 8 Tencel(Badsha), 3/1 R.H.T",Blue Black,Primark,64~65'',,,12.00 oz,13/12/2025,18/12/2025,504,25121115,100Y,"C:66.8''
F:67''",42,20.0cm,15.5cm,49,7,21.5cm,"C:66.4''
F:67.2''",5.05%,3.90%,-5.05%,-1.00%,63.8'',50,Singeing?Dryer(5box 60°C)?Sanforized,
X25392,X19142,Regular Finish,"6480X58
16oe(XDD)X 150-40D( Black N.S, Hangzhou) + 150-70D(Black, N.S , Xheling Tex) , (4:1)(Black:Black) , Sateen (R.H.T)",Black#9S,Next -N.S sourcing,53'',+/-(3~4)%,-(13~17)%,8.60 oz,,03/12/2025,219,25111069,80Y,"C:54.5''
F:55.5''",58,5.0cm,5.0cm,66,8,6.5cm,"C:50''
F:51''",0.10%,1.50%,-14.40%,-0.50%,42.8'',66,Singeing?Dryer(5box 60°C)?Sanforized,
X25410-1,X24120-1,Regular Finish,"4025X38
7siro Low TM(Nishat) X 6Tencel(Ring Nishat) , 3/1 R.H.T",Indigo#5,Primark(Windy Group/Team),58'',,,12.75~13 /oz,14/12/2025,18/12/2025,404,25111063,40Y,"C:61''
F:62''",38,19.0cm,12.0cm,45,7,15.5cm,"C:60.8''
F:61.5''",2.70%,0.57%,-2.96%,0.00%,59.0'',45,Singeing?Dryer(5box 60°C)?Sanforized,
X25410-2,X24120-1,Regular Finish,"4025X42
7siro low TM(Nishat) X 6Tencel , 3/1 R.H.T",Indigo#5,Primark(Windy Group/Team),58'',,,12.75~13 /oz,14/12/2025,18/12/2025,404,25111063,40Y,"C:61''
F:61.8''",42,19.0cm,12.5cm,50,8,15.0cm,"C:60.5''
F:61.5''",1.70%,2.20%,-3.40%,1.00%,58.4'',49,Singeing?Dryer(5box 60°C)?Sanforized,
X25382,,Regular Finish,"3888X42
9rn(Milan)+9siro slub(7052)(Nishat)(6:4) X 12-40D T/Black(Recycle)Xuzhou)+12-70D T/Black(Recycle)Xuzhou (2:1) , 3/1R.H.T",Black #9L,Winter Qilts/Team A,53~54'',+/-(3~4)%,-(16~20)%,9.75 oz,18/12/2025,20/12/2025,308,25111047,70Y,"C:57.8''
F:58.7''",42,14.5cm,9.5cm,49,7,9.0cm,"C:55.5''
F:56''",-0.60%,-0.70%,-20.30%,-0.80%,44.2'',48,Singeing?Dryer(5box 60°C)?Sanforized,
X25380,,Regular Finish,"3888X42
9rn(Milan)+9siro slub(7052)(Nishat)(6:4) X 12-40D T/Black(Recycle)Xuzhou)+12-70D T/Black(Recycle)Xuzhou (2:1) , 3/1R.H.T",Blue Black#8D,Winter Qilts/Team A,54~55'',+/-(3~4)%,-(16~20)%,9.50 oz,18/12/2025,23/12/2025,308,25121134,78Y,"C:58''
F:58.5''",42,14.5cm,10.0cm,49,7,11.0cm,"C:54.5''
F:55.2''",0.70%,-0.60%,-17.00%,0.00%,45.2'',49,Singeing?Dryer(5box 60°C)?Sanforized,
X25414,PRPS110-02R5,Regular Finish,"4176X44
7oe(Badsha)X16-40D T/Raw(Lycra)Xuzhou, 3/1 R.H.T",Sky blue#4,Yester Group/Lidl,58~59'',-(3~4)%,-(14~18)%,11.00 oz,18/12/2025,23/12/2025,204,25121131,108Y,"C:61.2''
F:62.2''",44,18.5cm,12.5cm,50,6,14.0cm,"C:58.8''
F:60''",1.50%,2.90%,-12.70%,-3.30%,51.3'',52,Singeing?Dryer(5box 60°C)?Sanforized,
X25418,X25035-1,Regular Finish,"5760X52
16rn(Nishat, Physical BCI)X20-40D T/Raw White, Changzhou) , 3/1 R.H.T",Blue Black,Natural Indigo/Encentro Moda,52~53'',+/-(3~4)%,-(20~24)%,8.50 oz,20/12/2025,23/12/2025,119,25121133,68Y,"C:58''
F:58.8''",52,18.0cm,7.5cm,59,7,9.5cm,"C:54.8''
F:55.2''",1.70%,1.90%,-22.20%,-2.20%,42.6'',60,Singeing?Dryer(5box 60°C)?Sanforized,
X25415,X25392,Regular Finish,"6480X55
16oe(XDD)X200-40D(Black , Hanzhou) , Sateen(R.H.T)",Black#9S,Next /Team,49~50'',+/-(3~4)%,-(12~16)%,8.50 oz,18/12/2025,21/12/2025,219,25111069,100Y,"C:55.2''
F:56.7''",55,4.0cm,6.0cm,62,7,6.5cm,"C:52.5''
F:53.5''",-1.80%,0.00%,-16.10%,-1.00%,44.0'',63,Singeing?Dryer(5box 60°C)?Sanforized,
X25322,,Regular Finish,"4205X44
8rn(Nishat) X 10ring(Nishat) , Square Dobby",Indigo#5,Creative collection/Team A,62~63'',+/-(3~4)%,+/-(3~4)%,10.50 oz,20/12/2025,23/12/2025,118,25111002,200Y,"C:62.4''
F:63.2''",44,17.0cm,11.5cm,51,7,11.5cm,"C:63''
F:63.8''",1.20%,-1.40%,0.00%,-0.80%,63.0'',51,Singeing?Dryer(5box 60°C)?Sanforized,
X25140,,Regular Finish,"4464X45
7OE+7rsl(Q-476)(6:4) X 7rsl(Q-476)Nishat + 7rn Nishat(9:4) , 3/1 R.H.T",Blue Black #8C,Dresuss Wold Wide Ltd/Team B,64~65'',+/-(3~4)%,+/-(3~4)%,14.00 oz,04/12/2025,10/12/2025,108,2512096,100Y,"C:65.5''
F:66''",45,14.0cm,10.0cm,53,8,14.5cm,"C:65''
F:65.8''",3.80%,1.41%,-4.00%,0.00%,63.0'',53,Sineging?Dryer(5box 60°C)?Sanforized,
X25402,RN100-12R5,Regular Finish,"4800X50
10rsl(yt-233)Nishat X 12oe(Badsha) , 3/1 R.H.T",Indigo#5,Mardy /Team,59~60'',+/-(3~4)%,+/-(3~4)%,10.00 oz,08/12/2025,10/12/2025,304,25121098,105Y,"C:60.2''
F:61''",50,15.0cm,11.0cm,57,7,14.0cm,"C:60.3''
F:61''",1.80%,1.80%,-1.82%,-1.60%,59.2'',58,Sineging?Dryer(5box 60°C)?Sanforized,
X25411,PRPS095-04R5(NEW),Regular Finish,"5002X48
9oe(Badsha) X 200-40D(Rececyle, Hangzhou)+200-70D(Recycle, Hangzhou)(4:1), 3/1 R.H.T",Indigo#5,C&A,59~60'',+/-(3~4)%,,9.50/ oz,14/12/2025,15/12/2025,505,25121088,60Y,"C:62''
F:63''",48,15.0cm,12.0cm,55,7,15.0cm,"C:59.9''
F:60''",1.50%,5.00%,-13.20%,-2.50%,51.6'',57,Singeing?Dryer(1box 60°C)?Sanforized,
X1609195-1,PRPS095-04L3(NEW),Regular Finish,"4830X48
9OE(Badsha) X 200-40D(Recycle, Hangzhou)+200-70D(Recycle,Hangzhou)(2:1), 3/1 L.H.T",Grey#3,DBL /Team A,55.5~56.5'',+/-(3~4)%,-(9~12)%,9.70 oz,13/12/2025,15/12/2025,323,25121111,120Y,"C:58.2''
F:59.2''",48,16.0cm,12.0cm,55,7,13.0cm,"C:55.5''
F:56.5''",0.76%,-1.50%,-11.70%,-2.30%,49.0'',56,Singeing?Dryer(5box 60°C)?Sanforized,
X25419,X24175(H.S+PD Beam),Regular Finish,"4200X35
7ring(Nishat)X8ring(Nishat) , 2/2 ",Indigo#05,Primark/TeamB,61'',,,12.00 oz,21/12/2025,23/12/2025,404,25121122,90Y,"C:63''
F:63.8''",35,0.0cm,0.0cm,42,7,0.0cm,"C:63''
F:63.8''",-0.10%,0.00%,-0.60%,-0.80%,62.6'',42,Singeing?Dryer(5box 60°C)?Sanforized,
X25420,,Regular Finish,"4200X35
7ring(Nishat) X 8oe(Yarn Recycle, GRS, 20% Presonsume Cotton, 80% CMIA cotton, Badsha), 2/2",Indigo#5,Primark /Team B,61'',,,12.00 oz,21/12/2025,23/12/2025,404,25121122,75Y,"C:63.5''
F:64''",35,0.0cm,0.0cm,42,7,0.0cm,"C:63.5''
F:64''",2.10%,-2.00%,-1.20%,-1.60%,62.6'',43,Singeing?Dryer(5box 60°C)?Sanforized,
X180240,RNPS085-25R5,Regular Finish,"5984X60
16rls(yt-199)Nishat X 20-40D(Poly/Cotton/Raw)Changzhou , 3/1 R.H.T",Indigo#5,Michel Kors,51~52'',+/-(3~4)%,-(10~14)%,8.50 oz,23/12/2025,,,,,,,,,,0,,,,,,,,,Fabric process will now depend on R&D department’s evaluation; updates will follow after their review,
X25205,,Regular Finish,"4968X44
10oe(Badsha)+10rsl(yt-204)Nishat + 10rsl(yt-260)Nishat)(6:2:2)  X  12-40D(N.S, Nishat, BCI) , 3/1R.H.T",Blue Black #8i,Michel Kors,59~60'',+/-(3~4)%,-(17~21)%,10.25 oz,23/12/2025,29/12/2025,505,25121145,60Y,"C:60.8''
F:61.7''",44,15.0cm,12.0cm,52,8,10.0cm,"C:59.2''
F:60.2''",1.80%,-4.00%,-20.20%,-2.00%,47.2'',53,Singeing?Dryer(5box 60°C)?Sanforized,
X25417,X25408,Regular Finish,"3888X43
7ring(Nishat)X8Tencel(Badsha) , 3/1 R.H.T",Blue black,Primark ,,,,11.60 oz,22/12/2025,24/12/2025,308,25121115,58Y,"C:66''
F:67''",43,19.0cm,15.0cm,48,5,17.5cm,"C:65.6''
F:66.5''",2.40%,0.72%,-4.20%,-2.00%,62.8'',50,Singeing?Dryer(5box 60°C)?Sanforized,
X25407,RNS085-16R8D,Regular Finish,"5330X52
10rsl(yt-233)Nishat + 12oe(Badsha)(3:7)X150-40D(Recycle, Hangzhou)+150-70D(Recycle, Hangzhou)(1:1) , 3/1 R.H.T",Grey#3,Sf Denim/C&A,,-(3~4)%,,8.75 oz,13/12/2025,18/12/2025,119,25121112,100Y,"C:59''
F:59.8''",52,12.5cm,9.5cm,61,9,11.0cm,"C:56''
F:56.8''",0.00%,1.53%,-16.70%,-1.00%,46.6'',62,Singeing?Dryer(5box 60°C)?Sanforized,
X25213,,Regular Finish,"4495X43
9oe(Badsha)X9oe(Badsha)+9rn(Milan)(1:1) , 3/1 R.H.T",Blue Black#8D,Windy Group/Walmart,63~64'',+/-(3~4)%,+/-(3~4)%,10.50 oz,14/12/2025,18/12/2025,208,25121116,100Y,"C:63.8''
F:64.8''",43,21.0cm,15.0cm,49,6,14.5cm,"C:64.2''
F:65''",1.30%,-2.02%,-1.86%,-2.30%,63.0'',51,Singeing?Dryer(5box 60°C)?Sanforized,
X25409,,Regular Finish,"4464X48
7rsl(Q476)Nishat + 8oe(Badsha, Recycled 20%, 80%CMIA) X 12-40D(Nishat), 3/1 R.H.T",Blue Black,Sainburry/Team B,60~61'',+/-(3~4)%,-(12~16)%,11.75 oz,14/12/2025,20/12/2025,405,25121118,100Y,"C:62''
F:63''",48,17.0cm,12.0cm,56,8,12.0cm,"C:60.5''
F:61.5''",1.80%,-1.20%,-14.30%,-1.60%,51.8'',57,Singeing?Dryer(5box 60°C)?Sanforized,
PR145-03R6,,Regular Finish,"4176X39
6oe(Badsha) X 6OE(Badsha), 3/1 R.H.T",Dark Inidog#6,Envoy Group/ Team A,65~66'',+/-(3~4)%,+/-(3~4)%,14.70 oz,13/12/2025,20/12/2025,121,25121119,117Y,"C:66''
F:66.8''",39,17.5cm,13.0cm,47,8,14.0cm,"C:65.5''
F:66.5''",1.40%,-0.20%,-1.90%,2.30%,64.2'',45,Singeing?Dryer(5box 60°C)?Sanforized,
X25424,,Regular Finish,"4752X47
16ring(Indigo:1: whtite:1)(Nishat, Physical BCI) X 6ring(Nishat) , 3/1 R.H.T",Inigo#5,Windy/Zara,62~63'',,,10.50 oz,23/12/2025,29/12/2025,117,25121142,100Y,"C:62.7''
F:63.7''",47,11.0cm,8.5cm,49,2,7.0cm,"C:63.2''
F:64.2''",-1.40%,-1.40%,-18.00%,-8.40%,62.0'',55,Singeing?Dryer(5box 60°C)?Sanforized,
X25413,,Regular Finish,"4025X42
7siro low TM3.8 (Nishat)X6ring(Nishat) , 3/1 R.H.T",Indigo#05,Primark / Windy,,,,13.00 oz,15/12/2025,20/12/2025,404,25111063,52Y,"C:60''
F:60.8''",42,13.0cm,10.0cm,50,8,10.0cm,"C:59.2''
F:60.2''",1.80%,-0.80%,-1.60%,1.80%,58.2'',49,Singeing?Dryer(5box 60°C)?Sanforized,
X22150,RN100-20R6,Regular Finish,"4216X38
9ring(Milan)X9ring(Milan) , 3/1 R.H.T",Dark Indigo#6,C&A / Team A,60~61'',+/-(3~4)%,+/-(3~4)%,9.80 oz,14/12/2025,20/12/2025,404,25121120,102Y,"C:60.2''
F:61''",38,19.0cm,14.0cm,45,7,14.0cm,"C:60''
F:60.8''",0.10%,0.40%,0.80%,-0.50%,60.5'',44,Singeing?Dryer(5box 60°C)?Sanforized,
RNS095-07R5,,Regular Finish,"4630X55
10rsl(260)Nishat + 10oe(Badsha)(3:7) X 16-40D(N.S, Nishat, BCI spandex), 3/1 R.H.T",Indigo#5,Aman Graphics & Team B,54~55'',-(3~6)%,-(14~18)%,9.50 oz,14/12/2025,21/12/2025,320,25121123,120Y,"C:56.2''
F:57''",55,15.0cm,11.5cm,62,7,11.0cm,"C:55.2''
F:56''",1.10%,-2.19%,-17.90%,-3.00%,45.3'',65,Singeing?Dryer(5box 60°C)?Sanforized,
X25400,,Regular Finish,"4176X41
7siro(Nishat) X 10oe(Badsha) , 3/1R.H.T",Dark Indigo#6C,Natural Indigo/Team B,64~65'',+/-(3~4)%,+/-(3~4)%,11.00 oz,20/12/2025,23/12/2025,617,25121103,97Y,"C:64.5''
F:65''",41,21.0cm,15.0cm,48,7,17.0cm,"C:64.5''
F:65.2''",0.90%,4.00%,-1.70%,-0.80%,63.4'',47,Singeing?Dryer(5box 60°C)?Sanforized,
X19050-1,RNS115-03R5,Regular Finish,"4692X48
8.5rsl(yt-12)Nishat + 9oe(Badsha)(4:6) X 12-40D(Nishat)+12-70D(Nishat)(yt-260)(3:1), 3/1 R.H.T",Indigo#5,Envoy Group/ Team A,56~57'',+/-(3~4)%,-(14~18)%,11.40 oz,20/12/2025,23/12/2025,609,2510937,609Y,"C:58''
F:58.8''",48,18.5cm,13.5cm,55,7,12.0cm,"C:57''
F:58''",1.00%,-2.90%,-16.30%,-1.80%,47.7'',55,Singeing?Dryer(5box 60°C)?Sanforized,
X25412-2,Check into Semi mecerise file to get more data,Flat Finish,,,,,,,,,22/12/2025,119,25121124,60Y,"C:58.5''
F:59.8''",58,12.0cm,11.0cm,65,7,8.5cm,"C:50.8''
F:51.5''",-3.50%,-1.90%,-15.15%,-1.30%,43.1'',66,"Singeing?Dryer(5box wash 60°C, 20m\m)?Seim-Mercerise(Costic+TDWS+Aciticacid)?Sanforized.",
X25136,,"REgular Finish, RFD#11","4752X51
9oe(Badsha, BCI) X 12-70D(Nishat) , 3/1 L.H.T",RFD#11,Natural Indigo,57~58''(cut),-(3~6)%,-(10~14)%,10.25 oz,29/12/2025,,,,,,,,,,0,,,,,,,,,Singeing?Dryer(RFD)?Sanforized,
X25430,,STF Finish,"3888X42
8ring(Nishat)X8Tencel(Badsha) , 3/1 R.H.T",Indigo#05,Sainsburry/ Echotex,,,,9.80 oz,29/12/2025,,,,,,,,,,0,,,,,,,,,"Singeing?Dryer?Sanforized, STF Finish",
X25275,,Regular Finish,"4464X50
10siro(Badsha)X10oe(Badsha), 3/1 R.H.T",Dark Indigo#6,Natural Indigo/Team B,63~64'',+/-(3~4)%,+/-(3~4)%,10.00 oz,29/12/2025,,,,,,,,,,0,,,,,,,,,Singeing?Dryer(5box 60°C)?Sanforized,
X26001,RN095-04R5,Regular Finish,"4600X45
10rsl(YT-199)Nishat + 10ring(Nishat)(6:4) X 12OE(Badsha)+9ring(Milan),3/1 R.H.T",Indigo#5,Primark / Team B,60~61'',+/-(3~4)%,+/-(3~4)%,9.50 oz,04/01/2026,,,,80Y,,,,,,0,,,,,,,,,Singeing?Dryer(5box 60°C)?Sanforized,
X26002,X25427,Regular Finish,"6120X52
16ring(Nishat, BCI) X 20-40D(T/C Raw white, Changzhou) + 20-70D T/Raw Recycle, Xuzhou) (2:1) , 3/1 R.H.T",Blue Black(#8H),Natural Indigo,52~53'',,22%,8.50 oz,04/01/2026,,,,,,,,,,0,,,,,,,,,Sineging?Dryer(5box 60°C)?Sanforized,
X26003,RNS120-04R8D,Regular Finish,"4464X48
7rsl(Q476)Nishat + 8oe(Badsah)(6:4) X 12-40D(Nishat) , 3/1 R.H.T",Blue black,Sainbury/Team B,60~61'',+/-(3~4)%,-(12~16)%,11.75 oz,04/01/2026,,,,,,,,,,0,,,,,,,,,Singeing?Dryer(5box 60°C)?Sanforized,
X26006,X22081-2,Regular Finish,"4464X37
7oe(Badsha, BCI)+9oe(Badsha)(3:7)X8ring(Nishat, Physical BCI)+8oe(Badsha) , 3/1 R.H.T",Dark Indigo#6C,Windy/Pirmary/Team B(Style:328-Max),64~65'',+/-(3~4)%,+/-(3~4)%,10.25 oz,04/01/2026,,,,,,,,,,0,,,,,,,,,Singeing?Dryer(5box 60°C)?Sanforized,
X26008,,Regular Finish,"3589X42
7ring(BTL) + 7oe(BTL)(1:1) X 8-40D(BCI,Nishat) , 3/1 R.H.T",Indigo#5,PDS Far East/JC Penny,59~60'',+/-(3~4)%,-(13~17)%,12.00 oz,05/01/2026,,,25121151,50Y,,,,,,0,,,,,,,,,Fabric process will now depend on R&D department’s evaluation; updates will follow after their review,
PR145-03R6,PR145-03R6,Regular Finish,"4176X39
6oe(Badsha)X6oe(Badsha) , 3/1 R.H.T",Dark Indigo#6,Envoy Group/Team A,65~66'',+/-(3~4)%,+/-(3~4)%,14.70 oz,05/01/2026,,,,,,,,,,0,,,,,,,,,Singeing?Dryer(5box 60°C)?Sanforized,
X26005,,Rgular Finish,"4176X46
7ring(Nishat,BCI)X12-70D(N.S, Nishat), 3/1 R.H.T",Dark Indigo#6T,Windy / Primark,55''(cut),,,12.25 oz,04/01/2026,,,,,,,,,,0,,,,,,,,,Fabric process will now depend on R&D department’s evaluation; updates will follow after their review,
X26004,RN110-25R5(New),Regular Finish,"3906X42
8oe Low TM(Salek)X9ring(Milan,PSCP), 3/1 R.H.T",Indigo#5,Primark / Team B,60~61'',+/-(3~4)%,+/-(3~4)%,11.20 oz,04/01/2026,,,,,,,,,,0,,,,,,,,,Singeing?Dryer(5box 60°C)?Sanforized,
X25425-1,RN095-11R6,Regular Finish,"4464X39
9ring(Nishat) X 9ring(Milan), 3/1 R.H.T",Indiog#06,Primark/TeamB/Testing,62~63'',+/-(3~4)%,+/-(3~4)%,10.00 oz,23/12/2005,27/12/2025,405,25121141,102Y,"C:64.3''
F:65.3''",39,21.5cm,16.5cm,46,7,17.0cm,"C:65''
F:66''",1.20%,1.70%,-1.50%,-1.80%,64.0'',47,Singeing?Dryer(5box 60°C)?Sanforized,
X25425-2,RN095-11R6,Regular Finish,"4464X40
9ring(Nishat)X10ring(BCI, Nishat), 3/1 R.H.T",Indigo#06,Primark/TeamB/Testing,62~63'',+/-(3~4)%,+/-(3~4)%,10.00 oz,23/12/2005,28/12/2025,405,25121141,#,"C:64''
F:65''",40,21.5cm,17.0cm,47,7,17.0cm,"C:64.7''
F:65.6''",0.00%,-1.70%,-2.40%,-1.50%,64.0'',48,Singeing?Dryer(5box 60°C)?Sanforized,
X25217,,Regular Finish,"4176X46
10rn(Nishat)X16-40D(Nishat, Physical spandex), 3/1 R.H.T",Dark Indigo#6,Mardy Jeans/Team B,52~53'',+/-(3~4)%,-(21~25)%,9.00 oz,23/12/2025,27/12/2025,617,2508754,122Y,"C:54.3''
F:55.3''",46,13.0cm,11.5cm,53,7,10.0cm,"C:52.7''
F:53.6''",0.80%,-4.00%,-24.00%,-1.00%,40.0'',54,Singeing?Dryer(5box 60°C)?Sanforized,
X25427,X25418,Regular Finish,"5760X52
16rn(Nishat, Physical BCI) X 20-40D(TC Raw white,changzhou)+20-70D(T-Raw)Recycle, Xuzhou(2:1) , 3/1 R.H.T",Blue Black,Natural Indigo/Enchextro Moda,52~53'',+/-(3~4)%,-(20~24)%,8.50 oz,27/12/2025,29/12/2025,119,25121133,35Y,"C:56.6''
F:57.5''",52,13.5cm,9.0cm,58,6,9.5cm,"C:52.5''
F:53.2''",3.80%,-1.60%,-23.40%,-3.00%,40.2'',60,Singeing?Dryer(5box 60°C)?Sanforized,
X25422,RNPS090-17R8D,Regular Finish,"5184X55
10rsl(yt-233)(Nishat) + 12(Badsha)(3:7) X 200-70D(Raw spandex)Recycle,Hangzhou, 3/1 R.H.T",Natural #01,Mardy/Team B,54~55'',+/-(3~4)%,-(11~15)%,9.50 oz,21/12/2025,29/12/2025,319,25121143,120Y,"C:59''
F:60''",55,11.0cm,9.0cm,64,9,12.0cm,"C:56.4''
F:57.3''",0.90%,4.00%,-16.30%,-0.60%,47.2'',65,Singeing?Dryer(5box 60°C)?Sanforized,
X25426,,Regular Finish,"4968X46
9ring(Milan)X10ring(Nishat)+10-40D(Nishat,BCI), 3/1 R.H.T",Blue Black#9C,Windy Group/Primark,,,,11.25 oz,24/12/2025,03/01/2026,505,25121146,80Y,"C:64.2''
F:65.2''",46,16.0cm,12.0cm,55,9,13.5cm,"C:65''
F:65''",2.20%,0.00%,-9.30%,1.00%,58.0'',54,Singeing?Dryer(5box 60°C)?Sanforized,
X26012,SR110-01R6T,Regular Finish,"4176X41
7siro(Nishat)+7siro slub TM(Nishat)(3:8)X10oe(Nishat) , 3/1 R.H.T",Dark Indigo#6T,Encuentro Moda/Team B,64~65'',+/-(3~4)%,+/-(3~4)%,11.00 oz,07/01/2025,,,,,,,,,,0,,,,,,,,,Singeing?Dryer(5box 60°C)?Sanforized,
X26011,X25426,Regular Finish,"4176X46
9ring(Milan)X8ring(Nishat)+10-70D(Nishat)(1:1), 3/1 R.H.T",Black Blue#9C,Windy/Primark,,,,11.25 oz,07/01/2025,,,25121146,35Y,,,,,,0,,,,,,,,,Singeing?Dryer(5box 60°C)?Sanforized,
X26010,,Regular Finish,"4176X46
9ring(Milan)X9ring(Milan)+10-70D(Nishat), 3/1 R.H.T",Black Blue#9C,Windy/Primark/Team B,,,,11.25 oz,07/01/2025,,,25121146,35Y,,,,,,0,,,,,,,,,Singeing?Dryer(5box 60°C)?Sanforized,
X26014,,Regular Finish,"4464X42
10oe(Indigo 12: white 3 : Indigo 1: white 3)Badsha X 16ring(Nishat),3/1R.H.T",Indigo#5A,Windy/Zara/Team B,64~65''(cut),,,7.75 oz,08/01/2026,,,,,,,,,,0,,,,,,,,,Singeing?Dryer(5box 60°C)?Sanforized,
X26016,,Regular Finish,"3726X41
9ring(Milan)+9siro slub(Nishat)(7:3) X 12(75D-DTY)-40D Xuzhou, 3/1 R.H.T",Blue Black#8H,Windy Group/Zara,53~54'',,18~22%,9.50 oz,08/01/2026,,,,,,,,,,0,,,,,,,,,Singeing?Dryer(5box 60°C)?Sanforized,
X25264,,Regular Finish,"4464X43
9oe(Blue-1:White-1)(Mulit Ratio)X9oe(Badsha)+9rn(Milan pscp)(1:1), 3/1 R.H.T Stripe",Indigo#05,Al Muslim,63'',+/-(3~4)%,+/-(3~4)%,10.25 oz,10/01/2026,,,2509791,120Y,,,,,,0,,,,,,,,,Singeing?Dryer(5box 60°C)?Sanforized,
X26018,RS120-09R8,Regular Finish,"4335X37
7oe(Badsha)+9ring slub (Nishat)(6:4)X7oe(Badsha), 2/1 R.H.T",Indigo#05,MBI/Team B,62~63'',+/-(3~4),+/-(3~4),12.00 oz,10/01/2026,,,,,,,,,,0,,,,,,,,,Singeing?Dryer(5box 60°C)?Sanforized,
X26022,,Regular Finish,"4176X46
7ring(Nishat)X8ring(Nishat,BCI)+8oe(Badsha,20%pcw,80%CMIA), Dobby",Dark Indigo#6T,MKT(Innovation),60''(cut),,,12.75 oz,12/01/2026,,,,,,,,,,0,,,,,,,,,Singeing?Dryer(5box 60°C)?Sanforize,
X26023,,Regular Finish,"4176X40
7ring(Nishat)X10ring(Nishat), Dobby",Dark Indigo#6T,MKT(Innovation),60''(cut),,,11.00 oz,12/01/2026,,,,,,,,,,0,,,,,,,,,Singeing?Dryer(5box 60°C)?Sanforize,
X25377,,Regular Finish,"4176X40
8rn(Nishat) X 8oe(Badsah) + 8-70D(Nishat)(1:1), 3/1 R.H.T",Indigo#5,AEDENE/Team B,61~62'',+/-(3~4)%,-(12~16)%,11.25 oz,14/01/2026,,,,,,,,,,0,,,,,,,,,Singeing?Dryer(5box 60°C)?Sanforize,
X26028,X21123-1&X25406,Regular Finish,"4205X39
8oe(Badsha)20%pcw,80%cmia X 8oe(Badsha) , 3/1 R.H.T",Indigo#05,Composition test,64~65'',,,11.00 oz,13/01/2026,,,,,,,,,,0,,,,,,,,,Singeing?Dryer(5box 60°C)?Sanforize,
X222389,,Regular Finish,"4488X42
10siro(Nishat,organic)X10oe(Badsha), 3/1 R.H.T",,,,,,,,,,,,,,,,,0,,,,,,,,,,
,,,,,,,,,,,,,,,,,,,,0,,,,,,,,,,
,,,,,,,,,,,,,,,,,,,,0,,,,,,,,,,
,,,,,,,,,,,,,,,,,,,,0,,,,,,,,,,
,,,,,,,,,,,,,,,,,,,,0,,,,,,,,,,
,,,,,,,,,,,,,,,,,,,,0,,,,,,,,,,
,,,,,,,,,,,,,,,,,,,,0,,,,,,,,,,
,,,,,,,,,,,,,,,,,,,,0,,,,,,,,,,
,,,,,,,,,,,,,,,,,,,,0,,,,,,,,,,
,,,,,,,,,,,,,,,,,,,,0,,,,,,,,,,
,,,,,,,,,,,,,,,,,,,,0,,,,,,,,,,
,,,,,,,,,,,,,,,,,,,,0,,,,,,,,,,
,,,,,,,,,,,,,,,,,,,,0,,,,,,,,,,
,,,,,,,,,,,,,,,,,,,,0,,,,,,,,,,
,,,,,,,,,,,,,,,,,,,,0,,,,,,,,,,
,,,,,,,,,,,,,,,,,,,,0,,,,,,,,,,
,,,,,,,,,,,,,,,,,,,,0,,,,,,,,,,
,,,,,,,,,,,,,,,,,,,,0,,,,,,,,,,
,,,,,,,,,,,,,,,,,,,,0,,,,,,,,,,
,,,,,,,,,,,,,,,,,,,,0,,,,,,,,,,
,,,,,,,,,,,,,,,,,,,,0,,,,,,,,,,
,,,,,,,,,,,,,,,,,,,,0,,,,,,,,,,
,,,,,,,,,,,,,,,,,,,,0,,,,,,,,,,
,,,,,,,,,,,,,,,,,,,,0,,,,,,,,,,
,,,,,,,,,,,,,,,,,,,,0,,,,,,,,,,
,,,,,,,,,,,,,,,,,,,,0,,,,,,,,,,
,,,,,,,,,,,,,,,,,,,,0,,,,,,,,,,
,,,,,,,,,,,,,,,,,,,,0,,,,,,,,,,
,,,,,,,,,,,,,,,,,,,,0,,,,,,,,,,
,,,,,,,,,,,,,,,,,,,,0,,,,,,,,,,
,,,,,,,,,,,,,,,,,,,,0,,,,,,,,,,
,,,,,,,,,,,,,,,,,,,,0,,,,,,,,,,
,,,,,,,,,,,,,,,,,,,,0,,,,,,,,,,
,,,,,,,,,,,,,,,,,,,,0,,,,,,,,,,
,,,,,,,,,,,,,,,,,,,,0,,,,,,,,,,
,,,,,,,,,,,,,,,,,,,,0,,,,,,,,,,
,,,,,,,,,,,,,,,,,,,,0,,,,,,,,,,
,,,,,,,,,,,,,,,,,,,,0,,,,,,,,,,
,,,,,,,,,,,,,,,,,,,,0,,,,,,,,,,
,,,,,,,,,,,,,,,,,,,,0,,,,,,,,,,
,,,,,,,,,,,,,,,,,,,,0,,,,,,,,,,
,,,,,,,,,,,,,,,,,,,,0,,,,,,,,,,
,,,,,,,,,,,,,,,,,,,,0,,,,,,,,,,
,,,,,,,,,,,,,,,,,,,,0,,,,,,,,,,
,,,,,,,,,,,,,,,,,,,,0,,,,,,,,,,
,,,,,,,,,,,,,,,,,,,,0,,,,,,,,,,
,,,,,,,,,,,,,,,,,,,,0,,,,,,,,,,
,,,,,,,,,,,,,,,,,,,,0,,,,,,,,,,
,,,,,,,,,,,,,,,,,,,,0,,,,,,,,,,
,,,,,,,,,,,,,,,,,,,,0,,,,,,,,,,
,,,,,,,,,,,,,,,,,,,,0,,,,,,,,,,
,,,,,,,,,,,,,,,,,,,,0,,,,,,,,,,
,,,,,,,,,,,,,,,,,,,,0,,,,,,,,,,
,,,,,,,,,,,,,,,,,,,,0,,,,,,,,,,
,,,,,,,,,,,,,,,,,,,,0,,,,,,,,,,
,,,,,,,,,,,,,,,,,,,,0,,,,,,,,,,
,,,,,,,,,,,,,,,,,,,,0,,,,,,,,,,
,,,,,,,,,,,,,,,,,,,,0,,,,,,,,,,
,,,,,,,,,,,,,,,,,,,,0,,,,,,,,,,
,,,,,,,,,,,,,,,,,,,,,,,,,,,,,,
,,,,,,,,,,,,,,,,,,,,,,,,,,,,,,
,,,,,,,,,,,,,,,,,,,,,,,,,,,,,,
,,,,,,,,,,,,,,,,,,,,,,,,,,,,,,
,,,,,,,,,,,,,,,,,,,,,,,,,,,,,,
,,,,,,,,,,,,,,,,,,,,,,,,,,,,,,
,,,,,,??,,,,,,,,,,,,,,,,,,,,,,,,
